Accuracy,Precision,Recall,F1,AUROC,AUPRC,Brier,ECE,Dataset,Approach,Mechanism,Missingness,Seed
0.8431372549019608,0.9354838709677419,0.8285714285714286,0.8787878787878788,0.9339285714285714,0.9703452016770018,0.12222974074247998,0.15179849481757948,early_stage_diabetes,Native,MCAR,10,42
0.8235294117647058,0.9333333333333333,0.8,0.8615384615384616,0.9446428571428571,0.9762246571316132,0.10849370397718967,0.11452305539712017,early_stage_diabetes,Native,MCAR,10,52
0.803921568627451,0.9629629629629629,0.7428571428571429,0.8387096774193549,0.9196428571428572,0.9660189958588362,0.15589369731221558,0.17985061629145752,early_stage_diabetes,Native,MCAR,10,62
0.8823529411764706,1.0,0.8285714285714286,0.90625,0.9607142857142857,0.9859284598492379,0.09560835315778535,0.13819403946399686,early_stage_diabetes,Native,MCAR,10,72
0.7843137254901961,0.9285714285714286,0.7428571428571429,0.8253968253968254,0.9,0.9572779085606281,0.1504834176541894,0.145668911071969,early_stage_diabetes,Native,MCAR,10,82
0.9019607843137255,1.0,0.8571428571428571,0.9230769230769231,0.9464285714285714,0.979443876161738,0.09236084421963252,0.12595358542075344,early_stage_diabetes,Native,MCAR,10,92
0.8235294117647058,1.0,0.7428571428571429,0.8524590163934426,0.9089285714285713,0.9656332267645064,0.13673491785736183,0.149532022867717,early_stage_diabetes,Native,MCAR,10,102
0.8235294117647058,0.9333333333333333,0.8,0.8615384615384616,0.9357142857142857,0.9723259035634674,0.11309335479839387,0.14537960933704,early_stage_diabetes,Native,MCAR,10,112
0.8823529411764706,1.0,0.8285714285714286,0.90625,0.9232142857142857,0.9717341050132428,0.10789525227351575,0.13830251622872025,early_stage_diabetes,Native,MCAR,10,122
0.803921568627451,0.9310344827586207,0.7714285714285715,0.84375,0.9107142857142857,0.9636367408323633,0.1286692489113445,0.13122948127634382,early_stage_diabetes,Native,MCAR,10,132
0.7450980392156863,0.8928571428571429,0.7142857142857143,0.7936507936507936,0.875,0.9477895181291148,0.1649828353725452,0.17926459584166027,early_stage_diabetes,Native,MCAR,10,142
0.8235294117647058,0.9642857142857143,0.7714285714285715,0.8571428571428571,0.9446428571428571,0.9765034754400662,0.11234829490699111,0.1331663522504124,early_stage_diabetes,Native,MCAR,10,152
0.803921568627451,0.9310344827586207,0.7714285714285715,0.84375,0.9178571428571429,0.9643383338302045,0.14211765265845508,0.14089230301917766,early_stage_diabetes,Native,MCAR,10,162
0.8431372549019608,0.9655172413793104,0.8,0.875,0.9482142857142857,0.9799667631843125,0.10461357750731504,0.1178977007375044,early_stage_diabetes,Native,MCAR,10,172
0.8235294117647058,0.9642857142857143,0.7714285714285715,0.8571428571428571,0.9428571428571428,0.9756935348358124,0.10458836193085161,0.14070813591573753,early_stage_diabetes,Native,MCAR,10,182
0.803921568627451,0.9629629629629629,0.7428571428571429,0.8387096774193549,0.9624999999999999,0.9849669143114825,0.10696808313215632,0.15035168804666574,early_stage_diabetes,Native,MCAR,10,192
0.803921568627451,1.0,0.7142857142857143,0.8333333333333334,0.9464285714285714,0.9782184527819506,0.12343503036409646,0.14037752706630557,early_stage_diabetes,Native,MCAR,10,202
0.8431372549019608,0.9354838709677419,0.8285714285714286,0.8787878787878788,0.9321428571428572,0.9719073236758703,0.11690611066109549,0.12465798153596766,early_stage_diabetes,Native,MCAR,10,212
0.8235294117647058,0.9642857142857143,0.7714285714285715,0.8571428571428571,0.9267857142857143,0.9695784999602735,0.12544667073068236,0.12682708210366614,early_stage_diabetes,Native,MCAR,10,222
0.8235294117647058,0.9333333333333333,0.8,0.8615384615384616,0.925,0.9692539128333159,0.12692166944182154,0.14627298347505865,early_stage_diabetes,Native,MCAR,10,232
0.8235294117647058,0.9333333333333333,0.8,0.8615384615384616,0.9142857142857143,0.9651105838808225,0.12338067952619872,0.10549391192548413,early_stage_diabetes,Native,MCAR,20,42
0.7647058823529411,0.96,0.6857142857142857,0.8,0.8767857142857143,0.9496663007635592,0.16614651240473402,0.17158439463260128,early_stage_diabetes,Native,MCAR,20,52
0.7254901960784313,0.8888888888888888,0.6857142857142857,0.7741935483870968,0.8857142857142857,0.9493134287382522,0.19255080550108936,0.1905369528879722,early_stage_diabetes,Native,MCAR,20,62
0.8431372549019608,0.9655172413793104,0.8,0.875,0.9535714285714285,0.9800049920911569,0.10879714927883759,0.11300103103413302,early_stage_diabetes,Native,MCAR,20,72
0.7843137254901961,0.875,0.8,0.835820895522388,0.8785714285714286,0.94969832496116,0.14534349890037537,0.12641862005579702,early_stage_diabetes,Native,MCAR,20,82
0.9019607843137255,0.96875,0.8857142857142857,0.9253731343283582,0.9517857142857142,0.9818229195373558,0.08219179493414157,0.09642790615850803,early_stage_diabetes,Native,MCAR,20,92
0.8431372549019608,0.9655172413793104,0.8,0.875,0.8696428571428572,0.9524305311974967,0.1421496552977115,0.14187420846200455,early_stage_diabetes,Native,MCAR,20,102
0.803921568627451,0.9032258064516129,0.8,0.8484848484848485,0.9214285714285715,0.9647861029908292,0.12539324456527992,0.14364290646478242,early_stage_diabetes,Native,MCAR,20,112
0.8235294117647058,0.9333333333333333,0.8,0.8615384615384616,0.9214285714285714,0.9670400208662648,0.11078005458329723,0.13231714026016347,early_stage_diabetes,Native,MCAR,20,122
0.7647058823529411,0.896551724137931,0.7428571428571429,0.8125,0.9053571428571429,0.9582307660587838,0.13909686610586283,0.1710487858337515,early_stage_diabetes,Native,MCAR,20,132
0.7254901960784313,0.8620689655172413,0.7142857142857143,0.78125,0.85,0.9366324353533043,0.19380169181316842,0.19205929017534443,early_stage_diabetes,Native,MCAR,20,142
0.7843137254901961,0.9285714285714286,0.7428571428571429,0.8253968253968254,0.9035714285714287,0.9603711939613085,0.1434636687681518,0.15987021928908776,early_stage_diabetes,Native,MCAR,20,152
0.8235294117647058,0.9333333333333333,0.8,0.8615384615384616,0.9089285714285714,0.9596023514565085,0.1386119261025846,0.15337899867810453,early_stage_diabetes,Native,MCAR,20,162
0.803921568627451,0.9310344827586207,0.7714285714285715,0.84375,0.9160714285714285,0.9612215141782943,0.13136970005375204,0.15181056479466892,early_stage_diabetes,Native,MCAR,20,172
0.803921568627451,1.0,0.7142857142857143,0.8333333333333334,0.9178571428571427,0.969974542883533,0.1404283155002319,0.16323311385862968,early_stage_diabetes,Native,MCAR,20,182
0.803921568627451,0.9629629629629629,0.7428571428571429,0.8387096774193549,0.9107142857142856,0.9620753973829073,0.14308944022443154,0.14360115808599136,early_stage_diabetes,Native,MCAR,20,192
0.7254901960784313,0.8888888888888888,0.6857142857142857,0.7741935483870968,0.875,0.9419105453677122,0.18463306857872028,0.164027586433233,early_stage_diabetes,Native,MCAR,20,202
0.8235294117647058,0.9333333333333333,0.8,0.8615384615384616,0.9339285714285714,0.9730018100870635,0.11527114399944903,0.1393300633804471,early_stage_diabetes,Native,MCAR,20,212
0.803921568627451,0.9629629629629629,0.7428571428571429,0.8387096774193549,0.9267857142857143,0.9699931222272299,0.1259259451218812,0.13688269315981397,early_stage_diabetes,Native,MCAR,20,222
0.7058823529411765,0.8846153846153846,0.6571428571428571,0.7540983606557377,0.7964285714285715,0.9113528344271903,0.2256094582567804,0.24683646572863352,early_stage_diabetes,Native,MCAR,20,232
0.7450980392156863,0.84375,0.7714285714285715,0.8059701492537313,0.8589285714285714,0.9382546083005261,0.17034083014223592,0.151247735518743,early_stage_diabetes,Native,MCAR,30,42
0.7254901960784313,0.8620689655172413,0.7142857142857143,0.78125,0.7714285714285715,0.9097312010505724,0.21702589909828496,0.20806575259741616,early_stage_diabetes,Native,MCAR,30,52
0.803921568627451,0.9310344827586207,0.7714285714285715,0.84375,0.8785714285714286,0.9480315886096837,0.16271675341454134,0.17172388425644708,early_stage_diabetes,Native,MCAR,30,62
0.8235294117647058,0.9642857142857143,0.7714285714285715,0.8571428571428571,0.9339285714285714,0.9745543180690542,0.10863884333547051,0.12740381478386764,early_stage_diabetes,Native,MCAR,30,72
0.8431372549019608,0.9655172413793104,0.8,0.875,0.8875,0.9561942234054016,0.13307412645088654,0.1417007393696729,early_stage_diabetes,Native,MCAR,30,82
0.8627450980392157,0.9117647058823529,0.8857142857142857,0.8985507246376812,0.9089285714285715,0.9609464232016904,0.11392499391786678,0.09071397240839751,early_stage_diabetes,Native,MCAR,30,92
0.8627450980392157,1.0,0.8,0.8888888888888888,0.9142857142857144,0.9689810172734236,0.1241047707630279,0.16894002645915632,early_stage_diabetes,Native,MCAR,30,102
0.8627450980392157,0.9666666666666667,0.8285714285714286,0.8923076923076924,0.9321428571428572,0.9681108011507323,0.12218216279031796,0.1312152935447646,early_stage_diabetes,Native,MCAR,30,112
0.8235294117647058,0.90625,0.8285714285714286,0.8656716417910447,0.9053571428571429,0.9579328716283565,0.1232164467473191,0.11197883591932409,early_stage_diabetes,Native,MCAR,30,122
0.8431372549019608,0.9354838709677419,0.8285714285714286,0.8787878787878788,0.8946428571428572,0.9485404968426934,0.1379765914710845,0.1619473833079432,early_stage_diabetes,Native,MCAR,30,132
0.6862745098039216,0.8275862068965517,0.6857142857142857,0.75,0.8125,0.9171633497393743,0.20585815827943119,0.1936250571526733,early_stage_diabetes,Native,MCAR,30,142
0.8235294117647058,0.9333333333333333,0.8,0.8615384615384616,0.8875,0.9554217307619955,0.14018959625995198,0.15447790088022456,early_stage_diabetes,Native,MCAR,30,152
0.8431372549019608,0.9655172413793104,0.8,0.875,0.9160714285714286,0.968270376532128,0.12398568021480176,0.1387101955273572,early_stage_diabetes,Native,MCAR,30,162
0.8431372549019608,1.0,0.7714285714285715,0.8709677419354839,0.9428571428571428,0.9777702981274411,0.11451429904972267,0.15720646521624396,early_stage_diabetes,Native,MCAR,30,172
0.7843137254901961,0.9,0.7714285714285715,0.8307692307692308,0.8839285714285714,0.9551758414099715,0.14225289233560598,0.13311489291635215,early_stage_diabetes,Native,MCAR,30,182
0.7843137254901961,0.9,0.7714285714285715,0.8307692307692308,0.8857142857142858,0.9432594495011104,0.16197425601336243,0.1627826295500877,early_stage_diabetes,Native,MCAR,30,192
0.7647058823529411,0.9259259259259259,0.7142857142857143,0.8064516129032258,0.8767857142857143,0.9455206059258572,0.17482386203931477,0.19198015887363284,early_stage_diabetes,Native,MCAR,30,202
0.8235294117647058,0.9333333333333333,0.8,0.8615384615384616,0.8946428571428572,0.9575263446394547,0.14275606512671704,0.13876217369939767,early_stage_diabetes,Native,MCAR,30,212
0.8235294117647058,0.9642857142857143,0.7714285714285715,0.8571428571428571,0.9107142857142856,0.9634470635422921,0.12958713548179507,0.12644580313388037,early_stage_diabetes,Native,MCAR,30,222
0.7254901960784313,0.8888888888888888,0.6857142857142857,0.7741935483870968,0.8285714285714285,0.928047138943687,0.20345266069988813,0.19706344093177836,early_stage_diabetes,Native,MCAR,30,232
0.7450980392156863,0.8666666666666667,0.7428571428571429,0.8,0.8196428571428571,0.9249567309335754,0.18159906754848415,0.18960437616881198,early_stage_diabetes,Native,MCAR,40,42
0.6862745098039216,0.88,0.6285714285714286,0.7333333333333333,0.7607142857142857,0.892934415543858,0.24974038881572944,0.24665082114584302,early_stage_diabetes,Native,MCAR,40,52
0.7450980392156863,0.8928571428571429,0.7142857142857143,0.7936507936507936,0.8714285714285714,0.9458014951862691,0.1646102542731717,0.17968049134109534,early_stage_diabetes,Native,MCAR,40,62
0.8431372549019608,1.0,0.7714285714285715,0.8709677419354839,0.8964285714285714,0.9639602963022059,0.1303995831030081,0.13915460571354513,early_stage_diabetes,Native,MCAR,40,72
0.7450980392156863,0.84375,0.7714285714285715,0.8059701492537313,0.8267857142857142,0.9324184650824193,0.166163865309017,0.15959538592427386,early_stage_diabetes,Native,MCAR,40,82
0.7647058823529411,0.8285714285714286,0.8285714285714286,0.8285714285714286,0.8821428571428571,0.947330449318334,0.13412901522858042,0.10223243224854561,early_stage_diabetes,Native,MCAR,40,92
0.8235294117647058,0.9333333333333333,0.8,0.8615384615384616,0.9,0.9624650370796671,0.12875640985781317,0.12570926517832512,early_stage_diabetes,Native,MCAR,40,102
0.8235294117647058,0.90625,0.8285714285714286,0.8656716417910447,0.8946428571428572,0.9524311169666639,0.1275143715419542,0.12613095328503965,early_stage_diabetes,Native,MCAR,40,112
0.7843137254901961,0.8529411764705882,0.8285714285714286,0.8405797101449275,0.8767857142857143,0.9434951438052169,0.14764298069731444,0.10030525462592349,early_stage_diabetes,Native,MCAR,40,122
0.7450980392156863,0.8928571428571429,0.7142857142857143,0.7936507936507936,0.8625,0.9380992024348113,0.15294153625029555,0.15710556222235456,early_stage_diabetes,Native,MCAR,40,132
0.6078431372549019,0.8,0.5714285714285714,0.6666666666666666,0.7285714285714285,0.8772107044490528,0.27523821468183435,0.27995867442850975,early_stage_diabetes,Native,MCAR,40,142
0.7843137254901961,0.9285714285714286,0.7428571428571429,0.8253968253968254,0.8607142857142858,0.9414898953351053,0.15938266070447618,0.142026338799327,early_stage_diabetes,Native,MCAR,40,152
0.8627450980392157,0.9666666666666667,0.8285714285714286,0.8923076923076924,0.8982142857142857,0.9585264932834654,0.1301800878904698,0.15637992278617968,early_stage_diabetes,Native,MCAR,40,162
0.8823529411764706,1.0,0.8285714285714286,0.90625,0.9553571428571429,0.9830808445940025,0.09885529356461302,0.14199758262610906,early_stage_diabetes,Native,MCAR,40,172
0.7843137254901961,0.875,0.8,0.835820895522388,0.8821428571428571,0.9501255224801709,0.1364261604173494,0.1322331427797383,early_stage_diabetes,Native,MCAR,40,182
0.7254901960784313,0.8387096774193549,0.7428571428571429,0.7878787878787878,0.7892857142857141,0.9099894798793168,0.216020418743321,0.21301071491895932,early_stage_diabetes,Native,MCAR,40,192
0.7450980392156863,0.8666666666666667,0.7428571428571429,0.8,0.8642857142857142,0.927030573424412,0.15771729095794493,0.13611957489275464,early_stage_diabetes,Native,MCAR,40,202
0.8235294117647058,0.9642857142857143,0.7714285714285715,0.8571428571428571,0.8696428571428572,0.9510303348366299,0.14856947897600126,0.16330369795654337,early_stage_diabetes,Native,MCAR,40,212
0.8235294117647058,0.9642857142857143,0.7714285714285715,0.8571428571428571,0.9,0.9599989310439552,0.1353614050191245,0.1807484723189298,early_stage_diabetes,Native,MCAR,40,222
0.7058823529411765,0.8333333333333334,0.7142857142857143,0.7692307692307693,0.7553571428571428,0.8818305665849004,0.22537369401826637,0.1779915735709901,early_stage_diabetes,Native,MCAR,40,232
0.803921568627451,0.9310344827586207,0.7714285714285715,0.84375,0.8553571428571429,0.9450057908230433,0.1428840481273348,0.13928985581094144,early_stage_diabetes,Native,MCAR,50,42
0.6666666666666666,0.8,0.6857142857142857,0.7384615384615385,0.7678571428571428,0.8894680520615014,0.21679163139461402,0.18240523104574166,early_stage_diabetes,Native,MCAR,50,52
0.7254901960784313,0.8620689655172413,0.7142857142857143,0.78125,0.8107142857142857,0.922351290897862,0.19076450826795963,0.2011459656059742,early_stage_diabetes,Native,MCAR,50,62
0.8235294117647058,0.9333333333333333,0.8,0.8615384615384616,0.875,0.9468958717220112,0.13712224569273412,0.15940776175143673,early_stage_diabetes,Native,MCAR,50,72
0.7450980392156863,0.84375,0.7714285714285715,0.8059701492537313,0.8017857142857143,0.9208995692298182,0.19061301969135128,0.14267440980263785,early_stage_diabetes,Native,MCAR,50,82
0.7058823529411765,0.8125,0.7428571428571429,0.7761194029850746,0.8178571428571428,0.922691538564634,0.1877940236499156,0.18904644952100866,early_stage_diabetes,Native,MCAR,50,92
0.803921568627451,0.9310344827586207,0.7714285714285715,0.84375,0.8839285714285714,0.9520747382710016,0.1401571051324031,0.15672045128018247,early_stage_diabetes,Native,MCAR,50,102
0.7843137254901961,0.9285714285714286,0.7428571428571429,0.8253968253968254,0.875,0.9476440084995322,0.14513149722417917,0.1490778034808589,early_stage_diabetes,Native,MCAR,50,112
0.7843137254901961,0.9,0.7714285714285715,0.8307692307692308,0.8875,0.9442121017231009,0.13994341404866176,0.11971879940406949,early_stage_diabetes,Native,MCAR,50,122
0.7843137254901961,0.875,0.8,0.835820895522388,0.8785714285714286,0.9458499419852365,0.13835807966154587,0.13797494885968226,early_stage_diabetes,Native,MCAR,50,132
0.6470588235294118,0.7931034482758621,0.6571428571428571,0.71875,0.7017857142857142,0.8774118501418856,0.26416569527683187,0.2644953600624029,early_stage_diabetes,Native,MCAR,50,142
0.7058823529411765,0.8333333333333334,0.7142857142857143,0.7692307692307693,0.8017857142857143,0.9223884369943727,0.1974743066520567,0.24555735969368145,early_stage_diabetes,Native,MCAR,50,152
0.7450980392156863,0.84375,0.7714285714285715,0.8059701492537313,0.8375,0.9306279026882429,0.16452146459161074,0.1465341313650795,early_stage_diabetes,Native,MCAR,50,162
0.8235294117647058,0.9333333333333333,0.8,0.8615384615384616,0.9071428571428571,0.96246653238704,0.12549118690106276,0.12969213665700427,early_stage_diabetes,Native,MCAR,50,172
0.803921568627451,0.8787878787878788,0.8285714285714286,0.8529411764705882,0.875,0.951652719547123,0.13695558719134593,0.13670126312211447,early_stage_diabetes,Native,MCAR,50,182
0.6666666666666666,0.8214285714285714,0.6571428571428571,0.7301587301587301,0.7142857142857143,0.874276323438158,0.24400884559400127,0.21893560506549536,early_stage_diabetes,Native,MCAR,50,192
0.7647058823529411,0.8285714285714286,0.8285714285714286,0.8285714285714286,0.8053571428571429,0.9049153747487526,0.1748981006022551,0.13080660516724865,early_stage_diabetes,Native,MCAR,50,202
0.7647058823529411,0.8285714285714286,0.8285714285714286,0.8285714285714286,0.8571428571428572,0.9394272189136073,0.16000359639657474,0.16571451285306146,early_stage_diabetes,Native,MCAR,50,212
0.803921568627451,0.9310344827586207,0.7714285714285715,0.84375,0.9053571428571429,0.958158599879661,0.12778263231794693,0.12233278739686104,early_stage_diabetes,Native,MCAR,50,222
0.7254901960784313,0.8620689655172413,0.7142857142857143,0.78125,0.7732142857142857,0.9054737469150587,0.20071712116912843,0.17058799072515732,early_stage_diabetes,Native,MCAR,50,232
0.8823529411764706,0.967741935483871,0.8571428571428571,0.9090909090909091,0.9446428571428571,0.9790436174469788,0.10738959698486969,0.1439108135653477,early_stage_diabetes,Native,MAR,10,42
0.8431372549019608,1.0,0.7714285714285715,0.8709677419354839,0.9535714285714285,0.9825113985303061,0.10910672148179369,0.13156922760547374,early_stage_diabetes,Native,MAR,10,52
0.8235294117647058,0.9642857142857143,0.7714285714285715,0.8571428571428571,0.9303571428571428,0.9691818863949387,0.1342399995997981,0.1602954566478729,early_stage_diabetes,Native,MAR,10,62
0.8431372549019608,0.9655172413793104,0.8,0.875,0.95,0.9808846801924551,0.10381872328985363,0.12265167224640938,early_stage_diabetes,Native,MAR,10,72
0.8627450980392157,0.9666666666666667,0.8285714285714286,0.8923076923076924,0.9482142857142857,0.9791683552518627,0.09721901005577709,0.12794113261442555,early_stage_diabetes,Native,MAR,10,82
0.8431372549019608,1.0,0.7714285714285715,0.8709677419354839,0.9196428571428572,0.9696609634844929,0.11965394908756405,0.1245209649935657,early_stage_diabetes,Native,MAR,10,92
0.8431372549019608,1.0,0.7714285714285715,0.8709677419354839,0.9160714285714286,0.9667652137884483,0.13931577046463242,0.17363614347927708,early_stage_diabetes,Native,MAR,10,102
0.8627450980392157,0.9666666666666667,0.8285714285714286,0.8923076923076924,0.9392857142857143,0.9738037433495899,0.1177370061201223,0.1496034729130128,early_stage_diabetes,Native,MAR,10,112
0.8823529411764706,1.0,0.8285714285714286,0.90625,0.932142857142857,0.9747897258629813,0.11197824713484959,0.14936127992091225,early_stage_diabetes,Native,MAR,10,122
0.803921568627451,1.0,0.7142857142857143,0.8333333333333334,0.9267857142857143,0.9692785127119261,0.13247396891463029,0.13833243881954865,early_stage_diabetes,Native,MAR,10,132
0.7843137254901961,0.9,0.7714285714285715,0.8307692307692308,0.8821428571428571,0.9516754940091857,0.15125675345009973,0.13018110361607632,early_stage_diabetes,Native,MAR,10,142
0.8431372549019608,1.0,0.7714285714285715,0.8709677419354839,0.9428571428571428,0.9777224133427141,0.12173599863615739,0.15016347940499877,early_stage_diabetes,Native,MAR,10,152
0.8431372549019608,1.0,0.7714285714285715,0.8709677419354839,0.9535714285714285,0.9804503281227924,0.1333500435388387,0.18386567230610285,early_stage_diabetes,Native,MAR,10,162
0.8431372549019608,0.9354838709677419,0.8285714285714286,0.8787878787878788,0.9428571428571428,0.9760559930487088,0.10875978590635445,0.12168604712568079,early_stage_diabetes,Native,MAR,10,172
0.8627450980392157,1.0,0.8,0.8888888888888888,0.9392857142857143,0.9751115445589694,0.11080555092820737,0.12727977050577893,early_stage_diabetes,Native,MAR,10,182
0.7843137254901961,0.9285714285714286,0.7428571428571429,0.8253968253968254,0.9214285714285715,0.965804897859731,0.1298442954066556,0.1735198512381198,early_stage_diabetes,Native,MAR,10,192
0.8823529411764706,1.0,0.8285714285714286,0.90625,0.9625,0.9855580379866494,0.10019627850504058,0.1323014235525739,early_stage_diabetes,Native,MAR,10,202
0.8431372549019608,0.9354838709677419,0.8285714285714286,0.8787878787878788,0.9053571428571429,0.9587644641096373,0.1364671997001474,0.14726659677484455,early_stage_diabetes,Native,MAR,10,212
0.803921568627451,0.9629629629629629,0.7428571428571429,0.8387096774193549,0.9125,0.9647795353790359,0.13140146216697657,0.1418935365828813,early_stage_diabetes,Native,MAR,10,222
0.8235294117647058,0.9333333333333333,0.8,0.8615384615384616,0.925,0.9690851662477485,0.12376452276046264,0.16271340865276607,early_stage_diabetes,Native,MAR,10,232
0.8431372549019608,0.9655172413793104,0.8,0.875,0.9410714285714286,0.977451071337626,0.11037096702097562,0.14604189502550108,early_stage_diabetes,Native,MAR,20,42
0.803921568627451,0.9629629629629629,0.7428571428571429,0.8387096774193549,0.9196428571428571,0.9670476551899329,0.16050838260069958,0.16985709979838015,early_stage_diabetes,Native,MAR,20,52
0.7647058823529411,0.9259259259259259,0.7142857142857143,0.8064516129032258,0.8553571428571429,0.9358870600136125,0.1776097969380626,0.17806302777984565,early_stage_diabetes,Native,MAR,20,62
0.8627450980392157,0.9117647058823529,0.8857142857142857,0.8985507246376812,0.9375,0.974468044639734,0.0865510247313516,0.0860307999685699,early_stage_diabetes,Native,MAR,20,72
0.803921568627451,0.9310344827586207,0.7714285714285715,0.84375,0.9124999999999999,0.9620838175533705,0.12725157625748917,0.15124227413359806,early_stage_diabetes,Native,MAR,20,82
0.7843137254901961,0.875,0.8,0.835820895522388,0.8589285714285715,0.9398398400477582,0.1517528733460871,0.16593313933003181,early_stage_diabetes,Native,MAR,20,92
0.7450980392156863,0.8928571428571429,0.7142857142857143,0.7936507936507936,0.8410714285714285,0.9307532116930678,0.1826923235748183,0.17028141014424023,early_stage_diabetes,Native,MAR,20,102
0.7843137254901961,0.9,0.7714285714285715,0.8307692307692308,0.9035714285714286,0.9613932637152451,0.13256138698513623,0.1969129928186828,early_stage_diabetes,Native,MAR,20,112
0.8627450980392157,0.9375,0.8571428571428571,0.8955223880597015,0.8982142857142857,0.9607368765983714,0.12454127297342638,0.15312877852542725,early_stage_diabetes,Native,MAR,20,122
0.7450980392156863,0.8928571428571429,0.7142857142857143,0.7936507936507936,0.9089285714285714,0.9581229020203231,0.16687334284548413,0.18726479919517738,early_stage_diabetes,Native,MAR,20,132
0.7254901960784313,0.8620689655172413,0.7142857142857143,0.78125,0.8428571428571427,0.9335765001144313,0.18211238876972138,0.16770828573727142,early_stage_diabetes,Native,MAR,20,142
0.803921568627451,0.9310344827586207,0.7714285714285715,0.84375,0.9125,0.9630656125399067,0.1349720062822006,0.1386801809729899,early_stage_diabetes,Native,MAR,20,152
0.7843137254901961,0.9615384615384616,0.7142857142857143,0.819672131147541,0.8982142857142856,0.9578258847695545,0.1586841271430022,0.18129660393677502,early_stage_diabetes,Native,MAR,20,162
0.8627450980392157,0.9375,0.8571428571428571,0.8955223880597015,0.925,0.9694749037030144,0.1164859622756116,0.135593596261506,early_stage_diabetes,Native,MAR,20,172
0.8627450980392157,0.9666666666666667,0.8285714285714286,0.8923076923076924,0.925,0.9698029657873729,0.11405220497993933,0.13632996701726727,early_stage_diabetes,Native,MAR,20,182
0.8235294117647058,0.90625,0.8285714285714286,0.8656716417910447,0.9214285714285714,0.9683692101846181,0.12123750531359256,0.17637786831633717,early_stage_diabetes,Native,MAR,20,192
0.803921568627451,0.9629629629629629,0.7428571428571429,0.8387096774193549,0.9142857142857143,0.9631315662976297,0.14884739385425028,0.17841404296603858,early_stage_diabetes,Native,MAR,20,202
0.8235294117647058,0.9333333333333333,0.8,0.8615384615384616,0.9017857142857142,0.9495022453896937,0.13881399400488367,0.14471919498607225,early_stage_diabetes,Native,MAR,20,212
0.8431372549019608,0.9655172413793104,0.8,0.875,0.9178571428571428,0.9683264095119238,0.11890195995817225,0.11060563580808687,early_stage_diabetes,Native,MAR,20,222
0.8431372549019608,0.9354838709677419,0.8285714285714286,0.8787878787878788,0.9196428571428571,0.9675928633287517,0.1303546814167152,0.15511532975178138,early_stage_diabetes,Native,MAR,20,232
0.803921568627451,1.0,0.7142857142857143,0.8333333333333334,0.8857142857142857,0.9547249960116253,0.1543582470451513,0.174594239423088,early_stage_diabetes,Native,MAR,30,42
0.7843137254901961,0.9285714285714286,0.7428571428571429,0.8253968253968254,0.8714285714285714,0.9486446878385472,0.1716074288986254,0.1782875448903617,early_stage_diabetes,Native,MAR,30,52
0.7450980392156863,0.8666666666666667,0.7428571428571429,0.8,0.8553571428571429,0.9354197547211026,0.18162752301459156,0.16648758480361864,early_stage_diabetes,Native,MAR,30,62
0.8627450980392157,0.9375,0.8571428571428571,0.8955223880597015,0.9249999999999999,0.9688376741864745,0.10723300988532489,0.10915065980425068,early_stage_diabetes,Native,MAR,30,72
0.7647058823529411,0.896551724137931,0.7428571428571429,0.8125,0.8910714285714285,0.9537273472149871,0.14706808057406384,0.13473414973008865,early_stage_diabetes,Native,MAR,30,82
0.7647058823529411,0.8285714285714286,0.8285714285714286,0.8285714285714286,0.8196428571428571,0.9163695501359687,0.1688446536043518,0.14613406827636796,early_stage_diabetes,Native,MAR,30,92
0.7843137254901961,1.0,0.6857142857142857,0.8135593220338984,0.8821428571428571,0.954964330395247,0.15834757919358694,0.14285483174756464,early_stage_diabetes,Native,MAR,30,102
0.8431372549019608,1.0,0.7714285714285715,0.8709677419354839,0.9214285714285715,0.9703866484262291,0.11283555762948856,0.12994717010388188,early_stage_diabetes,Native,MAR,30,112
0.7647058823529411,0.8484848484848485,0.8,0.8235294117647058,0.8535714285714286,0.9448655690543256,0.1660174928686916,0.17443839504438288,early_stage_diabetes,Native,MAR,30,122
0.7058823529411765,0.8333333333333334,0.7142857142857143,0.7692307692307693,0.8392857142857143,0.9259296547888144,0.18382143908053122,0.1762648727379593,early_stage_diabetes,Native,MAR,30,132
0.7058823529411765,0.8846153846153846,0.6571428571428571,0.7540983606557377,0.8732142857142857,0.9437933989276964,0.17874806533253546,0.19516571684210904,early_stage_diabetes,Native,MAR,30,142
0.7843137254901961,0.875,0.8,0.835820895522388,0.8839285714285714,0.9444887207589454,0.14395898106162794,0.16223711724959167,early_stage_diabetes,Native,MAR,30,152
0.803921568627451,0.9629629629629629,0.7428571428571429,0.8387096774193549,0.8821428571428571,0.9532040791509434,0.15608404506913573,0.17148884648785873,early_stage_diabetes,Native,MAR,30,162
0.7843137254901961,0.875,0.8,0.835820895522388,0.8571428571428571,0.92118436700286,0.14853204535139988,0.12923595133949728,early_stage_diabetes,Native,MAR,30,172
0.7450980392156863,0.8928571428571429,0.7142857142857143,0.7936507936507936,0.875,0.9448751845950389,0.16942683993829097,0.15078658420665594,early_stage_diabetes,Native,MAR,30,182
0.8431372549019608,0.9655172413793104,0.8,0.875,0.9142857142857144,0.9656754134862011,0.12941563393538572,0.17988802521836525,early_stage_diabetes,Native,MAR,30,192
0.8235294117647058,0.9642857142857143,0.7714285714285715,0.8571428571428571,0.8928571428571428,0.9558754855835155,0.14858516860026752,0.1613280674552216,early_stage_diabetes,Native,MAR,30,202
0.803921568627451,0.9310344827586207,0.7714285714285715,0.84375,0.8875,0.9484505186626729,0.1433492306164885,0.16832677231115456,early_stage_diabetes,Native,MAR,30,212
0.7843137254901961,0.9,0.7714285714285715,0.8307692307692308,0.8964285714285714,0.9553249199366267,0.14455770400388493,0.17226708983527678,early_stage_diabetes,Native,MAR,30,222
0.803921568627451,0.8787878787878788,0.8285714285714286,0.8529411764705882,0.9125000000000001,0.9628448174256556,0.14147064189577657,0.13759457195798558,early_stage_diabetes,Native,MAR,30,232
0.8235294117647058,1.0,0.7428571428571429,0.8524590163934426,0.9142857142857144,0.9683806024589435,0.13546486815340444,0.15391320903219427,early_stage_diabetes,Native,MAR,40,42
0.8235294117647058,0.9642857142857143,0.7714285714285715,0.8571428571428571,0.8339285714285715,0.932143441391458,0.17535055479745448,0.1952479266945054,early_stage_diabetes,Native,MAR,40,52
0.7450980392156863,0.84375,0.7714285714285715,0.8059701492537313,0.8321428571428571,0.9218188049852608,0.17233802856186548,0.14462268250245675,early_stage_diabetes,Native,MAR,40,62
0.8235294117647058,0.9333333333333333,0.8,0.8615384615384616,0.925,0.9682067613639829,0.11386161325840158,0.1278697947661082,early_stage_diabetes,Native,MAR,40,72
0.7450980392156863,0.84375,0.7714285714285715,0.8059701492537313,0.7910714285714286,0.9074864670992643,0.1967567231868508,0.18632011320076736,early_stage_diabetes,Native,MAR,40,82
0.7647058823529411,0.8709677419354839,0.7714285714285715,0.8181818181818182,0.825,0.9264411215733461,0.17160328545376785,0.12715290048543146,early_stage_diabetes,Native,MAR,40,92
0.7058823529411765,0.8846153846153846,0.6571428571428571,0.7540983606557377,0.8232142857142857,0.9243072790597678,0.204864466127477,0.20631917997025975,early_stage_diabetes,Native,MAR,40,102
0.7450980392156863,0.84375,0.7714285714285715,0.8059701492537313,0.8482142857142857,0.9262907516148271,0.16488115374517967,0.10921175383469636,early_stage_diabetes,Native,MAR,40,112
0.7647058823529411,0.8709677419354839,0.7714285714285715,0.8181818181818182,0.8464285714285715,0.9299471079358602,0.17215435109438215,0.13991817831993103,early_stage_diabetes,Native,MAR,40,122
0.7647058823529411,0.896551724137931,0.7428571428571429,0.8125,0.8107142857142857,0.9208182645492377,0.19076475950681882,0.22596413160071654,early_stage_diabetes,Native,MAR,40,132
0.7058823529411765,0.8571428571428571,0.6857142857142857,0.7619047619047619,0.8035714285714286,0.905122778350573,0.20566476686706672,0.185241850567799,early_stage_diabetes,Native,MAR,40,142
0.803921568627451,0.9032258064516129,0.8,0.8484848484848485,0.8196428571428571,0.9037199793750982,0.1714904157420804,0.1806406913434758,early_stage_diabetes,Native,MAR,40,152
0.7254901960784313,0.8620689655172413,0.7142857142857143,0.78125,0.8107142857142857,0.9248335843261482,0.1888905285284031,0.14815858503182727,early_stage_diabetes,Native,MAR,40,162
0.7450980392156863,0.84375,0.7714285714285715,0.8059701492537313,0.8214285714285714,0.9240244087830258,0.19147147704242315,0.17173425239675186,early_stage_diabetes,Native,MAR,40,172
0.6862745098039216,0.8275862068965517,0.6857142857142857,0.75,0.8017857142857143,0.9122026889207596,0.20382897445792889,0.17777068606194332,early_stage_diabetes,Native,MAR,40,182
0.7843137254901961,0.8529411764705882,0.8285714285714286,0.8405797101449275,0.8285714285714286,0.9244223217817601,0.16655471743867467,0.1261436403820328,early_stage_diabetes,Native,MAR,40,192
0.7058823529411765,0.8571428571428571,0.6857142857142857,0.7619047619047619,0.7910714285714285,0.9097190314539391,0.20988583109956957,0.18202945670368625,early_stage_diabetes,Native,MAR,40,202
0.7647058823529411,0.9259259259259259,0.7142857142857143,0.8064516129032258,0.8714285714285714,0.9396378472429263,0.15847028679132513,0.17376871874519423,early_stage_diabetes,Native,MAR,40,212
0.7843137254901961,0.9,0.7714285714285715,0.8307692307692308,0.8107142857142857,0.9205223928782699,0.18968440575722603,0.19679840522653919,early_stage_diabetes,Native,MAR,40,222
0.803921568627451,0.9032258064516129,0.8,0.8484848484848485,0.9053571428571429,0.9569759066722051,0.12260159707015565,0.17322565995010675,early_stage_diabetes,Native,MAR,40,232
0.7843137254901961,0.9615384615384616,0.7142857142857143,0.819672131147541,0.8535714285714285,0.9354138816334318,0.165235650992866,0.13989132138736107,early_stage_diabetes,Native,MAR,50,42
0.7058823529411765,0.8571428571428571,0.6857142857142857,0.7619047619047619,0.8,0.9000077193491437,0.20888848994884363,0.2069770743449529,early_stage_diabetes,Native,MAR,50,52
0.7450980392156863,0.84375,0.7714285714285715,0.8059701492537313,0.8160714285714286,0.9210364473632828,0.1867225244879382,0.1968567404969066,early_stage_diabetes,Native,MAR,50,62
0.803921568627451,0.9032258064516129,0.8,0.8484848484848485,0.8776785714285714,0.9470730511679789,0.14853369651779597,0.1104861738927224,early_stage_diabetes,Native,MAR,50,72
0.7058823529411765,0.9166666666666666,0.6285714285714286,0.7457627118644068,0.7839285714285715,0.9062539202735586,0.2064124697181261,0.16593447765883276,early_stage_diabetes,Native,MAR,50,82
0.6862745098039216,0.8064516129032258,0.7142857142857143,0.7575757575757576,0.7803571428571429,0.8823066384436365,0.20896834902185923,0.20246586342360456,early_stage_diabetes,Native,MAR,50,92
0.6862745098039216,0.88,0.6285714285714286,0.7333333333333333,0.8008928571428571,0.9075251419756981,0.22021789259810667,0.24674757234021732,early_stage_diabetes,Native,MAR,50,102
0.7450980392156863,0.8235294117647058,0.8,0.8115942028985508,0.825,0.9114606115336529,0.1717342202990394,0.1499670368491435,early_stage_diabetes,Native,MAR,50,112
0.7450980392156863,0.84375,0.7714285714285715,0.8059701492537313,0.8017857142857143,0.9191295220840305,0.20195932839675151,0.2359867824204997,early_stage_diabetes,Native,MAR,50,122
0.6862745098039216,0.8275862068965517,0.6857142857142857,0.75,0.7910714285714286,0.9120119620981516,0.19207666776303423,0.1803090865267258,early_stage_diabetes,Native,MAR,50,132
0.7254901960784313,0.8181818181818182,0.7714285714285715,0.7941176470588235,0.7660714285714286,0.8958188814232564,0.2049383168525254,0.17793363062482254,early_stage_diabetes,Native,MAR,50,142
0.7254901960784313,0.8,0.8,0.8,0.7642857142857142,0.8797690534547447,0.2004055541287968,0.19035052756468457,early_stage_diabetes,Native,MAR,50,152
0.7450980392156863,0.8235294117647058,0.8,0.8115942028985508,0.7910714285714286,0.9071308378962241,0.17945131794011826,0.1583608876840741,early_stage_diabetes,Native,MAR,50,162
0.7450980392156863,0.8666666666666667,0.7428571428571429,0.8,0.8366071428571429,0.9257796896551495,0.17300415613829023,0.11681317114362527,early_stage_diabetes,Native,MAR,50,172
0.6666666666666666,0.75,0.7714285714285715,0.7605633802816901,0.7544642857142857,0.8871055258065994,0.1947669333156702,0.20010676125393195,early_stage_diabetes,Native,MAR,50,182
0.7450980392156863,0.8666666666666667,0.7428571428571429,0.8,0.84375,0.928556581879253,0.16996838296908962,0.14538780650963973,early_stage_diabetes,Native,MAR,50,192
0.6274509803921569,0.8076923076923077,0.6,0.6885245901639344,0.7285714285714286,0.8697541287856431,0.23715817589989058,0.22269842404799137,early_stage_diabetes,Native,MAR,50,202
0.7058823529411765,0.8571428571428571,0.6857142857142857,0.7619047619047619,0.8089285714285714,0.9143159098624046,0.19317273868048515,0.19283685263465428,early_stage_diabetes,Native,MAR,50,212
0.6862745098039216,0.8064516129032258,0.7142857142857143,0.7575757575757576,0.7482142857142857,0.8857878681650625,0.24688740262007142,0.26050856892092555,early_stage_diabetes,Native,MAR,50,222
0.7450980392156863,0.84375,0.7714285714285715,0.8059701492537313,0.8267857142857142,0.9248304226635317,0.17443922779663645,0.1475365029684469,early_stage_diabetes,Native,MAR,50,232
0.8823529411764706,0.9393939393939394,0.8857142857142857,0.9117647058823529,0.9446428571428571,0.9776225130733197,0.09120474193815849,0.08698189802760005,early_stage_diabetes,Native,MNAR,10,42
0.9019607843137255,1.0,0.8571428571428571,0.9230769230769231,0.95,0.9798363669792243,0.09708567238320279,0.1431480321083583,early_stage_diabetes,Native,MNAR,10,52
0.803921568627451,0.9310344827586207,0.7714285714285715,0.84375,0.9321428571428572,0.9704541509732539,0.12438576199255122,0.14352965340310453,early_stage_diabetes,Native,MNAR,10,62
0.8235294117647058,0.90625,0.8285714285714286,0.8656716417910447,0.9125000000000001,0.9620776976719644,0.11946615656552574,0.15078555405432104,early_stage_diabetes,Native,MNAR,10,72
0.8627450980392157,0.9666666666666667,0.8285714285714286,0.8923076923076924,0.9089285714285714,0.9632273742697394,0.13262552576042672,0.15947074344491255,early_stage_diabetes,Native,MNAR,10,82
0.803921568627451,0.9629629629629629,0.7428571428571429,0.8387096774193549,0.9357142857142856,0.9718191631756327,0.13093996611816094,0.16326847577504083,early_stage_diabetes,Native,MNAR,10,92
0.8431372549019608,0.9354838709677419,0.8285714285714286,0.8787878787878788,0.9303571428571429,0.9687117391182668,0.11755482619990514,0.12533084098614902,early_stage_diabetes,Native,MNAR,10,102
0.8627450980392157,0.9666666666666667,0.8285714285714286,0.8923076923076924,0.9196428571428572,0.9688417198830599,0.12163402311206101,0.15110728816658842,early_stage_diabetes,Native,MNAR,10,112
0.8823529411764706,0.967741935483871,0.8571428571428571,0.9090909090909091,0.9142857142857143,0.9635630917735347,0.11605940619540864,0.13673890802059688,early_stage_diabetes,Native,MNAR,10,122
0.8431372549019608,0.9354838709677419,0.8285714285714286,0.8787878787878788,0.9303571428571428,0.9717181754210759,0.11066312114693617,0.10990160776703965,early_stage_diabetes,Native,MNAR,10,132
0.9019607843137255,0.96875,0.8857142857142857,0.9253731343283582,0.9392857142857143,0.9735995147215892,0.10052050717234091,0.14597095994680534,early_stage_diabetes,Native,MNAR,10,142
0.8627450980392157,0.9375,0.8571428571428571,0.8955223880597015,0.9142857142857143,0.9658032811606082,0.11161160262237528,0.13249925713913113,early_stage_diabetes,Native,MNAR,10,152
0.8431372549019608,0.9655172413793104,0.8,0.875,0.9535714285714285,0.9802121825332393,0.10694876898539436,0.12347319079380412,early_stage_diabetes,Native,MNAR,10,162
0.803921568627451,0.9629629629629629,0.7428571428571429,0.8387096774193549,0.925,0.9697707447953754,0.12348614161206141,0.14236606602721355,early_stage_diabetes,Native,MNAR,10,172
0.8823529411764706,0.967741935483871,0.8571428571428571,0.9090909090909091,0.9267857142857142,0.9697384149389474,0.11676073623019903,0.1425415388509339,early_stage_diabetes,Native,MNAR,10,182
0.8627450980392157,1.0,0.8,0.8888888888888888,0.9392857142857143,0.9771910648462493,0.1043031637881533,0.14102465279546442,early_stage_diabetes,Native,MNAR,10,192
0.8431372549019608,0.9655172413793104,0.8,0.875,0.9285714285714286,0.97037652523851,0.11358386200253694,0.10358417395721464,early_stage_diabetes,Native,MNAR,10,202
0.7647058823529411,0.8709677419354839,0.7714285714285715,0.8181818181818182,0.8910714285714285,0.9541141226320249,0.14516445833535072,0.14921618501345316,early_stage_diabetes,Native,MNAR,10,212
0.8823529411764706,0.9142857142857143,0.9142857142857143,0.9142857142857143,0.9303571428571429,0.9715127700265949,0.10073569426524757,0.09310803383442702,early_stage_diabetes,Native,MNAR,10,222
0.8431372549019608,0.9655172413793104,0.8,0.875,0.9267857142857143,0.9699341274736176,0.11773019766097245,0.1536930751274614,early_stage_diabetes,Native,MNAR,10,232
0.8235294117647058,0.9333333333333333,0.8,0.8615384615384616,0.8714285714285714,0.9480174197560262,0.16321498728333808,0.1693170117762159,early_stage_diabetes,Native,MNAR,20,42
0.8627450980392157,0.9117647058823529,0.8857142857142857,0.8985507246376812,0.9392857142857143,0.9724360908023078,0.09867133012340615,0.1346254332685003,early_stage_diabetes,Native,MNAR,20,52
0.9215686274509803,1.0,0.8857142857142857,0.9393939393939394,0.9571428571428571,0.9850445632798575,0.07952612606232305,0.11220998390048159,early_stage_diabetes,Native,MNAR,20,62
0.803921568627451,0.9310344827586207,0.7714285714285715,0.84375,0.9107142857142857,0.9636136669854094,0.12696771694699727,0.12174765049826868,early_stage_diabetes,Native,MNAR,20,72
0.8627450980392157,0.9666666666666667,0.8285714285714286,0.8923076923076924,0.9142857142857143,0.9649566055831245,0.11860963784852036,0.11673990140358606,early_stage_diabetes,Native,MNAR,20,82
0.803921568627451,0.9310344827586207,0.7714285714285715,0.84375,0.9196428571428571,0.9664679548129812,0.12545206455224794,0.13278247649763142,early_stage_diabetes,Native,MNAR,20,92
0.8431372549019608,0.8857142857142857,0.8857142857142857,0.8857142857142857,0.8964285714285714,0.9588768835374891,0.12199041964261721,0.1086585144968886,early_stage_diabetes,Native,MNAR,20,102
0.8431372549019608,0.9090909090909091,0.8571428571428571,0.8823529411764706,0.8982142857142856,0.956251051021738,0.12569334963663784,0.11137000544398437,early_stage_diabetes,Native,MNAR,20,112
0.9019607843137255,1.0,0.8571428571428571,0.9230769230769231,0.9196428571428571,0.9701815731751036,0.10782389976808386,0.14676731868701823,early_stage_diabetes,Native,MNAR,20,122
0.7647058823529411,0.8108108108108109,0.8571428571428571,0.8333333333333334,0.8696428571428572,0.9459126823010618,0.16021818907834026,0.1616081145464205,early_stage_diabetes,Native,MNAR,20,132
0.7843137254901961,0.875,0.8,0.835820895522388,0.8857142857142857,0.9508622155922095,0.13923148501486174,0.13958805069035174,early_stage_diabetes,Native,MNAR,20,142
0.8431372549019608,0.9090909090909091,0.8571428571428571,0.8823529411764706,0.8857142857142857,0.950998901775627,0.13769645568385128,0.15277569591268603,early_stage_diabetes,Native,MNAR,20,152
0.9019607843137255,0.96875,0.8857142857142857,0.9253731343283582,0.9285714285714286,0.9730713825740668,0.09386178792088781,0.1053443331928814,early_stage_diabetes,Native,MNAR,20,162
0.8235294117647058,0.90625,0.8285714285714286,0.8656716417910447,0.9125,0.95879526361929,0.1340208041956444,0.14463847817159164,early_stage_diabetes,Native,MNAR,20,172
0.8627450980392157,0.9666666666666667,0.8285714285714286,0.8923076923076924,0.9357142857142857,0.973765650573326,0.11018076362532976,0.11983031290126779,early_stage_diabetes,Native,MNAR,20,182
0.8431372549019608,0.9090909090909091,0.8571428571428571,0.8823529411764706,0.9303571428571429,0.9679744774183684,0.11284234214034516,0.08559833803013257,early_stage_diabetes,Native,MNAR,20,192
0.8823529411764706,0.9142857142857143,0.9142857142857143,0.9142857142857143,0.9214285714285715,0.9628566500470652,0.10431120840576118,0.14303343684649938,early_stage_diabetes,Native,MNAR,20,202
0.7843137254901961,0.9,0.7714285714285715,0.8307692307692308,0.9035714285714286,0.9594700609393728,0.13985142893290958,0.15198334233433594,early_stage_diabetes,Native,MNAR,20,212
0.8431372549019608,0.9354838709677419,0.8285714285714286,0.8787878787878788,0.8999999999999999,0.9619636846438667,0.12388823475486471,0.09442031924046723,early_stage_diabetes,Native,MNAR,20,222
0.803921568627451,0.9310344827586207,0.7714285714285715,0.84375,0.9160714285714285,0.9637122045189644,0.14438669386639186,0.1459809585529215,early_stage_diabetes,Native,MNAR,20,232
0.7843137254901961,0.8333333333333334,0.8571428571428571,0.8450704225352113,0.8946428571428571,0.9579651758223188,0.14099406755148258,0.1377856062323439,early_stage_diabetes,Native,MNAR,30,42
0.8235294117647058,0.8823529411764706,0.8571428571428571,0.8695652173913043,0.9232142857142857,0.9669260176319607,0.11597074565585287,0.10144532428068274,early_stage_diabetes,Native,MNAR,30,52
0.803921568627451,0.8787878787878788,0.8285714285714286,0.8529411764705882,0.8839285714285714,0.9462482333715686,0.13692704977784922,0.10546095479352803,early_stage_diabetes,Native,MNAR,30,62
0.803921568627451,0.9032258064516129,0.8,0.8484848484848485,0.8964285714285714,0.9556280052324985,0.1322519388208321,0.12311329853300952,early_stage_diabetes,Native,MNAR,30,72
0.8235294117647058,0.8421052631578947,0.9142857142857143,0.8767123287671232,0.8714285714285714,0.9371507570720506,0.13045997055203848,0.08475095311216277,early_stage_diabetes,Native,MNAR,30,82
0.8235294117647058,0.8823529411764706,0.8571428571428571,0.8695652173913043,0.8214285714285714,0.9132560886336124,0.1653353878591347,0.14948239411209144,early_stage_diabetes,Native,MNAR,30,92
0.8627450980392157,0.9375,0.8571428571428571,0.8955223880597015,0.9160714285714286,0.9679553299312195,0.11201489911835687,0.08414285929471839,early_stage_diabetes,Native,MNAR,30,102
0.7843137254901961,0.8529411764705882,0.8285714285714286,0.8405797101449275,0.8821428571428571,0.9515480455738347,0.1425476858872245,0.11575648429639199,early_stage_diabetes,Native,MNAR,30,112
0.8235294117647058,0.8823529411764706,0.8571428571428571,0.8695652173913043,0.9035714285714285,0.9639730454955061,0.11529662309271034,0.1427124577263991,early_stage_diabetes,Native,MNAR,30,122
0.803921568627451,0.8571428571428571,0.8571428571428571,0.8571428571428571,0.8821428571428571,0.9473186056517292,0.13756256643933884,0.13608984313174793,early_stage_diabetes,Native,MNAR,30,132
0.7647058823529411,0.8285714285714286,0.8285714285714286,0.8285714285714286,0.8464285714285715,0.9357464866414457,0.16675102719889615,0.19766769981851767,early_stage_diabetes,Native,MNAR,30,142
0.7647058823529411,0.8484848484848485,0.8,0.8235294117647058,0.8214285714285714,0.9318351103862063,0.1803972422535736,0.1831320773298834,early_stage_diabetes,Native,MNAR,30,152
0.7843137254901961,0.875,0.8,0.835820895522388,0.8696428571428572,0.946437719931782,0.14751294186293415,0.17167494986571516,early_stage_diabetes,Native,MNAR,30,162
0.7843137254901961,0.9,0.7714285714285715,0.8307692307692308,0.8928571428571428,0.9538221540188888,0.1540451259665465,0.17981640103400923,early_stage_diabetes,Native,MNAR,30,172
0.7843137254901961,0.8529411764705882,0.8285714285714286,0.8405797101449275,0.875,0.9431519661372144,0.13628406478248906,0.0882605923449292,early_stage_diabetes,Native,MNAR,30,182
0.9019607843137255,0.9411764705882353,0.9142857142857143,0.927536231884058,0.9696428571428571,0.9870945422922214,0.06629495868699177,0.09303755210895163,early_stage_diabetes,Native,MNAR,30,192
0.8431372549019608,0.8857142857142857,0.8857142857142857,0.8857142857142857,0.9178571428571428,0.9607343323793315,0.1064989238264114,0.09753674838472817,early_stage_diabetes,Native,MNAR,30,202
0.7843137254901961,0.8333333333333334,0.8571428571428571,0.8450704225352113,0.8982142857142857,0.9593742901213612,0.13350735717094603,0.1464361641921249,early_stage_diabetes,Native,MNAR,30,212
0.8823529411764706,0.9142857142857143,0.9142857142857143,0.9142857142857143,0.9482142857142857,0.9759235555263596,0.08031509082254353,0.0618476070755837,early_stage_diabetes,Native,MNAR,30,222
0.8431372549019608,0.8857142857142857,0.8857142857142857,0.8857142857142857,0.9160714285714286,0.9658004922788683,0.11356945578561582,0.13638035726605677,early_stage_diabetes,Native,MNAR,30,232
0.6470588235294118,0.7575757575757576,0.7142857142857143,0.7352941176470589,0.7732142857142856,0.8940451742892865,0.2459748575953809,0.2698222860401752,early_stage_diabetes,Native,MNAR,40,42
0.7647058823529411,0.8285714285714286,0.8285714285714286,0.8285714285714286,0.9053571428571429,0.9575522185179356,0.12449210336265515,0.12208063447592303,early_stage_diabetes,Native,MNAR,40,52
0.7843137254901961,0.875,0.8,0.835820895522388,0.8946428571428571,0.9557539810553429,0.12587946385764218,0.11904058956048068,early_stage_diabetes,Native,MNAR,40,62
0.7843137254901961,0.8529411764705882,0.8285714285714286,0.8405797101449275,0.9,0.9557531355176737,0.13071118785359068,0.11100455351612144,early_stage_diabetes,Native,MNAR,40,72
0.8431372549019608,0.8648648648648649,0.9142857142857143,0.8888888888888888,0.8857142857142857,0.9428366676064932,0.11632880537240739,0.08860232198939604,early_stage_diabetes,Native,MNAR,40,82
0.8235294117647058,0.90625,0.8285714285714286,0.8656716417910447,0.8839285714285714,0.9530221643449055,0.13373358644609407,0.1275125575416228,early_stage_diabetes,Native,MNAR,40,92
0.7843137254901961,0.8,0.9142857142857143,0.8533333333333334,0.8535714285714284,0.9370002418234492,0.15831165127501415,0.13933632274468738,early_stage_diabetes,Native,MNAR,40,102
0.7254901960784313,0.7560975609756098,0.8857142857142857,0.8157894736842105,0.8392857142857143,0.9340162876625585,0.1805618946488349,0.15669808215370368,early_stage_diabetes,Native,MNAR,40,112
0.8235294117647058,0.8611111111111112,0.8857142857142857,0.8732394366197183,0.8999999999999999,0.9584483257906564,0.1273992103386737,0.08621582914801203,early_stage_diabetes,Native,MNAR,40,122
0.8235294117647058,0.8823529411764706,0.8571428571428571,0.8695652173913043,0.8785714285714286,0.9413869755324152,0.1349674124035752,0.10439152025855054,early_stage_diabetes,Native,MNAR,40,132
0.7647058823529411,0.8108108108108109,0.8571428571428571,0.8333333333333334,0.8232142857142858,0.9210238689439526,0.17589926714252835,0.1296763107472775,early_stage_diabetes,Native,MNAR,40,142
0.803921568627451,0.8787878787878788,0.8285714285714286,0.8529411764705882,0.9178571428571429,0.9662126460136191,0.11622725166754495,0.1358188702633568,early_stage_diabetes,Native,MNAR,40,152
0.8235294117647058,0.8611111111111112,0.8857142857142857,0.8732394366197183,0.9,0.9563820076403131,0.13235195071247507,0.10361113676837849,early_stage_diabetes,Native,MNAR,40,162
0.8235294117647058,0.8611111111111112,0.8857142857142857,0.8732394366197183,0.8071428571428572,0.909439870008366,0.1744531346045436,0.21356589800002526,early_stage_diabetes,Native,MNAR,40,172
0.803921568627451,0.8571428571428571,0.8571428571428571,0.8571428571428571,0.9321428571428572,0.9732759325963835,0.11523767131163874,0.15749649820374512,early_stage_diabetes,Native,MNAR,40,182
0.803921568627451,0.8787878787878788,0.8285714285714286,0.8529411764705882,0.8928571428571428,0.9546131049564294,0.12690554033399723,0.09725251991082637,early_stage_diabetes,Native,MNAR,40,192
0.8431372549019608,0.8857142857142857,0.8857142857142857,0.8857142857142857,0.9125,0.9541106882279923,0.10656009245577197,0.08760723405901122,early_stage_diabetes,Native,MNAR,40,202
0.7450980392156863,0.8235294117647058,0.8,0.8115942028985508,0.7892857142857143,0.8960309247274928,0.19684903680413146,0.1843341737985611,early_stage_diabetes,Native,MNAR,40,212
0.8235294117647058,0.8611111111111112,0.8857142857142857,0.8732394366197183,0.9285714285714286,0.9691869602871944,0.10631971519062498,0.08214891921071446,early_stage_diabetes,Native,MNAR,40,222
0.803921568627451,0.8787878787878788,0.8285714285714286,0.8529411764705882,0.8553571428571429,0.9277510818274836,0.14539197801811304,0.14124302332307778,early_stage_diabetes,Native,MNAR,40,232
0.7450980392156863,0.775,0.8857142857142857,0.8266666666666667,0.8160714285714286,0.9100914130572882,0.16662527005832728,0.1931347607397566,early_stage_diabetes,Native,MNAR,50,42
0.8235294117647058,0.8421052631578947,0.9142857142857143,0.8767123287671232,0.8875,0.9443579691116272,0.12241461537279545,0.08315997176310597,early_stage_diabetes,Native,MNAR,50,52
0.7254901960784313,0.7837837837837838,0.8285714285714286,0.8055555555555556,0.8232142857142857,0.9234819724574188,0.17144747383095985,0.15877216937495212,early_stage_diabetes,Native,MNAR,50,62
0.7647058823529411,0.8108108108108109,0.8571428571428571,0.8333333333333334,0.8642857142857143,0.943470251251692,0.14909126257881525,0.13068453171381764,early_stage_diabetes,Native,MNAR,50,72
0.7843137254901961,0.8157894736842105,0.8857142857142857,0.8493150684931506,0.7839285714285715,0.8893200131019715,0.17436766313702912,0.1256907870810406,early_stage_diabetes,Native,MNAR,50,82
0.7647058823529411,0.8108108108108109,0.8571428571428571,0.8333333333333334,0.7964285714285714,0.9070724745611718,0.1809281313920177,0.15571863131195893,early_stage_diabetes,Native,MNAR,50,92
0.7450980392156863,0.775,0.8857142857142857,0.8266666666666667,0.8267857142857142,0.9175313278894138,0.1628647114802112,0.12524107887464414,early_stage_diabetes,Native,MNAR,50,102
0.7647058823529411,0.7948717948717948,0.8857142857142857,0.8378378378378378,0.8125,0.9128338827650272,0.18816747603849826,0.16598676736740509,early_stage_diabetes,Native,MNAR,50,112
0.7058823529411765,0.7631578947368421,0.8285714285714286,0.7945205479452054,0.7625,0.8960893061931324,0.22037128636691167,0.19499031176754072,early_stage_diabetes,Native,MNAR,50,122
0.7450980392156863,0.7619047619047619,0.9142857142857143,0.8311688311688312,0.8553571428571428,0.9409751321933456,0.16547840864690067,0.1474706513040206,early_stage_diabetes,Native,MNAR,50,132
0.8627450980392157,0.8888888888888888,0.9142857142857143,0.9014084507042254,0.9125000000000001,0.9597833070370028,0.11588287513017315,0.0745691253858454,early_stage_diabetes,Native,MNAR,50,142
0.6862745098039216,0.8064516129032258,0.7142857142857143,0.7575757575757576,0.7803571428571427,0.8471125352514118,0.18766684857580926,0.2047892569326887,early_stage_diabetes,Native,MNAR,50,152
0.7647058823529411,0.8108108108108109,0.8571428571428571,0.8333333333333334,0.8910714285714286,0.9581012594696537,0.15140168371822624,0.1634124049953386,early_stage_diabetes,Native,MNAR,50,162
0.6862745098039216,0.7435897435897436,0.8285714285714286,0.7837837837837838,0.7071428571428571,0.856375327957417,0.23392409457609642,0.2288187312729218,early_stage_diabetes,Native,MNAR,50,172
0.7843137254901961,0.8333333333333334,0.8571428571428571,0.8450704225352113,0.8678571428571429,0.9456300948767286,0.15054991353549868,0.11579813917770104,early_stage_diabetes,Native,MNAR,50,182
0.7450980392156863,0.7894736842105263,0.8571428571428571,0.821917808219178,0.8767857142857143,0.9402744369387185,0.14453912325586074,0.13450993772815253,early_stage_diabetes,Native,MNAR,50,192
0.7254901960784313,0.7692307692307693,0.8571428571428571,0.8108108108108109,0.8464285714285714,0.9386090783276306,0.17284155201447052,0.15452625923881344,early_stage_diabetes,Native,MNAR,50,202
0.7647058823529411,0.7948717948717948,0.8857142857142857,0.8378378378378378,0.8107142857142857,0.911130618649152,0.16803747142428943,0.12102420474676526,early_stage_diabetes,Native,MNAR,50,212
0.6862745098039216,0.7209302325581395,0.8857142857142857,0.7948717948717948,0.825,0.934570413752328,0.20280990658213402,0.20658760218351493,early_stage_diabetes,Native,MNAR,50,222
0.7843137254901961,0.8,0.9142857142857143,0.8533333333333334,0.8428571428571429,0.9263763014312608,0.14779150800314664,0.10715032252026538,early_stage_diabetes,Native,MNAR,50,232
0.8431372549019608,0.9090909090909091,0.8571428571428571,0.8823529411764706,0.9053571428571429,0.960727254056926,0.12278119758032546,0.09764174572831273,early_stage_diabetes,Explicit Imputation,MCAR,10,42
0.7843137254901961,0.875,0.8,0.835820895522388,0.8875,0.9504932600731552,0.1655386070869328,0.15872733820887172,early_stage_diabetes,Explicit Imputation,MCAR,10,52
0.8431372549019608,0.9655172413793104,0.8,0.875,0.925,0.9705211457528323,0.12832796202251132,0.16477046443112928,early_stage_diabetes,Explicit Imputation,MCAR,10,62
0.8823529411764706,1.0,0.8285714285714286,0.90625,0.9482142857142857,0.9801866270983918,0.10542334167730912,0.16117411822664973,early_stage_diabetes,Explicit Imputation,MCAR,10,72
0.7647058823529411,0.896551724137931,0.7428571428571429,0.8125,0.8714285714285714,0.9449928170961804,0.17998580402839856,0.18477923470531024,early_stage_diabetes,Explicit Imputation,MCAR,10,82
0.8627450980392157,0.9117647058823529,0.8857142857142857,0.8985507246376812,0.9196428571428571,0.9662594238200771,0.09952105716042883,0.07116852802973167,early_stage_diabetes,Explicit Imputation,MCAR,10,92
0.8235294117647058,0.9642857142857143,0.7714285714285715,0.8571428571428571,0.8919642857142858,0.9549264468194643,0.14782076430010468,0.16499390058657698,early_stage_diabetes,Explicit Imputation,MCAR,10,102
0.7843137254901961,0.9,0.7714285714285715,0.8307692307692308,0.9142857142857143,0.9624901417503138,0.13004748403952116,0.11854497138776031,early_stage_diabetes,Explicit Imputation,MCAR,10,112
0.8431372549019608,0.9354838709677419,0.8285714285714286,0.8787878787878788,0.9196428571428571,0.9672304049372703,0.1257387677296901,0.1610692843210463,early_stage_diabetes,Explicit Imputation,MCAR,10,122
0.7254901960784313,0.8888888888888888,0.6857142857142857,0.7741935483870968,0.8607142857142858,0.9321328750697001,0.1791293935758676,0.19065294268668867,early_stage_diabetes,Explicit Imputation,MCAR,10,132
0.7843137254901961,0.9,0.7714285714285715,0.8307692307692308,0.8714285714285714,0.945958659441149,0.15648063006009072,0.13166772088437687,early_stage_diabetes,Explicit Imputation,MCAR,10,142
0.8823529411764706,0.967741935483871,0.8571428571428571,0.9090909090909091,0.9303571428571429,0.9731946632061049,0.1038803367789727,0.12990637704291763,early_stage_diabetes,Explicit Imputation,MCAR,10,152
0.803921568627451,0.9310344827586207,0.7714285714285715,0.84375,0.9035714285714286,0.9600931332643968,0.14356914149386896,0.15960493895645234,early_stage_diabetes,Explicit Imputation,MCAR,10,162
0.7843137254901961,0.9,0.7714285714285715,0.8307692307692308,0.9017857142857142,0.9514798420661669,0.13933702851446195,0.15650244718234915,early_stage_diabetes,Explicit Imputation,MCAR,10,172
0.8235294117647058,0.9642857142857143,0.7714285714285715,0.8571428571428571,0.9401785714285714,0.9755161491560245,0.14280908664093553,0.19356625892368018,early_stage_diabetes,Explicit Imputation,MCAR,10,182
0.8235294117647058,1.0,0.7428571428571429,0.8524590163934426,0.9553571428571428,0.9837309248023535,0.11420549451934373,0.142781490204381,early_stage_diabetes,Explicit Imputation,MCAR,10,192
0.8235294117647058,0.9642857142857143,0.7714285714285715,0.8571428571428571,0.9035714285714286,0.9602839018247825,0.13791494932863405,0.1611020921492109,early_stage_diabetes,Explicit Imputation,MCAR,10,202
0.8431372549019608,0.9090909090909091,0.8571428571428571,0.8823529411764706,0.9196428571428571,0.9618472233942291,0.12619020806011014,0.12671548098910088,early_stage_diabetes,Explicit Imputation,MCAR,10,212
0.803921568627451,0.9629629629629629,0.7428571428571429,0.8387096774193549,0.8839285714285714,0.954465833466028,0.1494968501504971,0.151610427992601,early_stage_diabetes,Explicit Imputation,MCAR,10,222
0.8431372549019608,0.9655172413793104,0.8,0.875,0.9017857142857143,0.9624877407092354,0.1307805329629283,0.1267347550202234,early_stage_diabetes,Explicit Imputation,MCAR,10,232
0.7647058823529411,0.8709677419354839,0.7714285714285715,0.8181818181818182,0.8660714285714286,0.9383405300591235,0.15522107210445424,0.1432292338679819,early_stage_diabetes,Explicit Imputation,MCAR,20,42
0.7254901960784313,0.8620689655172413,0.7142857142857143,0.78125,0.8410714285714286,0.9314683888720786,0.19567339280135632,0.16829707553865866,early_stage_diabetes,Explicit Imputation,MCAR,20,52
0.6862745098039216,0.88,0.6285714285714286,0.7333333333333333,0.8464285714285714,0.9309973638438552,0.202043862001371,0.216015401570236,early_stage_diabetes,Explicit Imputation,MCAR,20,62
0.8431372549019608,0.9354838709677419,0.8285714285714286,0.8787878787878788,0.9285714285714286,0.9656678938083373,0.11601338040419845,0.1320230032445169,early_stage_diabetes,Explicit Imputation,MCAR,20,72
0.803921568627451,0.9032258064516129,0.8,0.8484848484848485,0.8767857142857143,0.9454146100501597,0.15558756033194865,0.17205078826815473,early_stage_diabetes,Explicit Imputation,MCAR,20,82
0.8235294117647058,0.90625,0.8285714285714286,0.8656716417910447,0.9,0.9618674922897316,0.12831812471557924,0.13164354334859288,early_stage_diabetes,Explicit Imputation,MCAR,20,92
0.803921568627451,0.9310344827586207,0.7714285714285715,0.84375,0.8732142857142857,0.94980730521983,0.1655180463432629,0.16491343373177098,early_stage_diabetes,Explicit Imputation,MCAR,20,102
0.7647058823529411,0.896551724137931,0.7428571428571429,0.8125,0.8892857142857142,0.951588497647749,0.16129891691789294,0.18510639977951848,early_stage_diabetes,Explicit Imputation,MCAR,20,112
0.8431372549019608,0.9354838709677419,0.8285714285714286,0.8787878787878788,0.9267857142857142,0.9663715276482455,0.11037916143320883,0.13732124426785638,early_stage_diabetes,Explicit Imputation,MCAR,20,122
0.7254901960784313,0.8620689655172413,0.7142857142857143,0.78125,0.7714285714285715,0.8930215140456833,0.22047185576770317,0.19077164840464497,early_stage_diabetes,Explicit Imputation,MCAR,20,132
0.7058823529411765,0.8571428571428571,0.6857142857142857,0.7619047619047619,0.8089285714285714,0.9128623196927318,0.19747561313721776,0.20396653020425753,early_stage_diabetes,Explicit Imputation,MCAR,20,142
0.8431372549019608,1.0,0.7714285714285715,0.8709677419354839,0.9160714285714286,0.9677919744034728,0.12917985584162608,0.14747437600995977,early_stage_diabetes,Explicit Imputation,MCAR,20,152
0.803921568627451,0.9032258064516129,0.8,0.8484848484848485,0.8767857142857143,0.9479109091769552,0.15546081031955922,0.14405226422583353,early_stage_diabetes,Explicit Imputation,MCAR,20,162
0.7843137254901961,0.9615384615384616,0.7142857142857143,0.819672131147541,0.9053571428571429,0.9500363067544527,0.1447972310771316,0.16325568462557655,early_stage_diabetes,Explicit Imputation,MCAR,20,172
0.8235294117647058,0.9333333333333333,0.8,0.8615384615384616,0.9017857142857143,0.9594899626610994,0.14989463171646492,0.16951770642224478,early_stage_diabetes,Explicit Imputation,MCAR,20,182
0.7843137254901961,0.9,0.7714285714285715,0.8307692307692308,0.8901785714285715,0.9477476751592357,0.15851604556509863,0.14933162766928765,early_stage_diabetes,Explicit Imputation,MCAR,20,192
0.7647058823529411,0.896551724137931,0.7428571428571429,0.8125,0.8517857142857143,0.9352483968605511,0.17688857727018756,0.14996231946290708,early_stage_diabetes,Explicit Imputation,MCAR,20,202
0.8823529411764706,0.967741935483871,0.8571428571428571,0.9090909090909091,0.9267857142857142,0.967547206336053,0.11125940628825706,0.11190611825269813,early_stage_diabetes,Explicit Imputation,MCAR,20,212
0.803921568627451,0.9032258064516129,0.8,0.8484848484848485,0.9232142857142858,0.9691326522634572,0.11462054113074245,0.1486618641544791,early_stage_diabetes,Explicit Imputation,MCAR,20,222
0.7450980392156863,0.9230769230769231,0.6857142857142857,0.7868852459016393,0.8071428571428572,0.9219962201216122,0.2100012711759861,0.27157933571759396,early_stage_diabetes,Explicit Imputation,MCAR,20,232
0.7450980392156863,0.8928571428571429,0.7142857142857143,0.7936507936507936,0.8571428571428571,0.933707062670011,0.2004656514835917,0.194389648881613,early_stage_diabetes,Explicit Imputation,MCAR,30,42
0.7450980392156863,0.8666666666666667,0.7428571428571429,0.8,0.8125,0.9270957896245122,0.18346266335473296,0.17492237380322284,early_stage_diabetes,Explicit Imputation,MCAR,30,52
0.7254901960784313,0.8620689655172413,0.7142857142857143,0.78125,0.8160714285714286,0.919240559709363,0.2077792987958332,0.22087654832969697,early_stage_diabetes,Explicit Imputation,MCAR,30,62
0.8627450980392157,0.9666666666666667,0.8285714285714286,0.8923076923076924,0.9392857142857143,0.9737200936510498,0.11051838957392911,0.14850576411859662,early_stage_diabetes,Explicit Imputation,MCAR,30,72
0.803921568627451,0.9032258064516129,0.8,0.8484848484848485,0.8660714285714286,0.9470517675696204,0.14963469212479485,0.12065103284868536,early_stage_diabetes,Explicit Imputation,MCAR,30,82
0.7647058823529411,0.8709677419354839,0.7714285714285715,0.8181818181818182,0.825,0.9244004556133314,0.18048965092601044,0.18032642936005314,early_stage_diabetes,Explicit Imputation,MCAR,30,92
0.7843137254901961,0.9,0.7714285714285715,0.8307692307692308,0.8857142857142857,0.9501576838464381,0.16484079345800234,0.13888397513359196,early_stage_diabetes,Explicit Imputation,MCAR,30,102
0.8235294117647058,0.90625,0.8285714285714286,0.8656716417910447,0.9375,0.9726470666783082,0.11018166731542607,0.11513510455980021,early_stage_diabetes,Explicit Imputation,MCAR,30,112
0.8235294117647058,0.90625,0.8285714285714286,0.8656716417910447,0.8875,0.9497138296689683,0.14806679646974552,0.1670331256646736,early_stage_diabetes,Explicit Imputation,MCAR,30,122
0.803921568627451,0.9310344827586207,0.7714285714285715,0.84375,0.8732142857142857,0.9404192053070285,0.15025789433812423,0.14203807623947368,early_stage_diabetes,Explicit Imputation,MCAR,30,132
0.7058823529411765,0.7631578947368421,0.8285714285714286,0.7945205479452054,0.7982142857142858,0.902427632925088,0.2120459050700659,0.17568349560686186,early_stage_diabetes,Explicit Imputation,MCAR,30,142
0.8431372549019608,1.0,0.7714285714285715,0.8709677419354839,0.8946428571428572,0.9597811496869538,0.132802137238552,0.14410449666719813,early_stage_diabetes,Explicit Imputation,MCAR,30,152
0.8235294117647058,0.90625,0.8285714285714286,0.8656716417910447,0.9053571428571427,0.9640185996149588,0.12499140586748116,0.12004545645094385,early_stage_diabetes,Explicit Imputation,MCAR,30,162
0.803921568627451,0.9629629629629629,0.7428571428571429,0.8387096774193549,0.9178571428571429,0.9619944015794399,0.14269133472329218,0.17615797812593917,early_stage_diabetes,Explicit Imputation,MCAR,30,172
0.803921568627451,0.9310344827586207,0.7714285714285715,0.84375,0.9187500000000001,0.9651065345081298,0.12844930946803962,0.18581061737210144,early_stage_diabetes,Explicit Imputation,MCAR,30,182
0.7647058823529411,0.896551724137931,0.7428571428571429,0.8125,0.8696428571428572,0.9393674351028342,0.17597989825103144,0.15330018687481972,early_stage_diabetes,Explicit Imputation,MCAR,30,192
0.7254901960784313,0.8620689655172413,0.7142857142857143,0.78125,0.8446428571428571,0.9278709261704715,0.17645800396411992,0.18576357462534718,early_stage_diabetes,Explicit Imputation,MCAR,30,202
0.803921568627451,0.9310344827586207,0.7714285714285715,0.84375,0.8839285714285715,0.9537765280574028,0.14078439142889407,0.13073915338107187,early_stage_diabetes,Explicit Imputation,MCAR,30,212
0.7843137254901961,0.9,0.7714285714285715,0.8307692307692308,0.8910714285714285,0.9457225123479697,0.12849275198983834,0.1281163550767244,early_stage_diabetes,Explicit Imputation,MCAR,30,222
0.7450980392156863,0.9230769230769231,0.6857142857142857,0.7868852459016393,0.8160714285714286,0.9252482260014171,0.1915179741351685,0.2086446684072999,early_stage_diabetes,Explicit Imputation,MCAR,30,232
0.7058823529411765,0.8571428571428571,0.6857142857142857,0.7619047619047619,0.8071428571428572,0.9128095637864994,0.20516250101667052,0.176808623122234,early_stage_diabetes,Explicit Imputation,MCAR,40,42
0.7254901960784313,0.8620689655172413,0.7142857142857143,0.78125,0.7785714285714285,0.9048763889375997,0.21063452767559684,0.1738895566440096,early_stage_diabetes,Explicit Imputation,MCAR,40,52
0.7058823529411765,0.8571428571428571,0.6857142857142857,0.7619047619047619,0.7839285714285715,0.9068896185943008,0.20870928638366432,0.2079459028501137,early_stage_diabetes,Explicit Imputation,MCAR,40,62
0.7843137254901961,0.9,0.7714285714285715,0.8307692307692308,0.8374999999999999,0.9189870685532132,0.1712633538122244,0.17833311256824755,early_stage_diabetes,Explicit Imputation,MCAR,40,72
0.7058823529411765,0.7941176470588235,0.7714285714285715,0.782608695652174,0.8062499999999999,0.9169669863442573,0.20985924811298362,0.23927827931794465,early_stage_diabetes,Explicit Imputation,MCAR,40,82
0.7647058823529411,0.896551724137931,0.7428571428571429,0.8125,0.8571428571428572,0.938812385381313,0.1506739668424684,0.13976863669414144,early_stage_diabetes,Explicit Imputation,MCAR,40,92
0.7647058823529411,0.8484848484848485,0.8,0.8235294117647058,0.8767857142857142,0.9491626884113158,0.15780351818485747,0.15550490658657223,early_stage_diabetes,Explicit Imputation,MCAR,40,102
0.7843137254901961,0.9,0.7714285714285715,0.8307692307692308,0.8875,0.9427585498513851,0.13878643821856898,0.1278410656195061,early_stage_diabetes,Explicit Imputation,MCAR,40,112
0.7450980392156863,0.8666666666666667,0.7428571428571429,0.8,0.8107142857142857,0.9174146576250141,0.1963485145012189,0.20802549608782225,early_stage_diabetes,Explicit Imputation,MCAR,40,122
0.7647058823529411,0.896551724137931,0.7428571428571429,0.8125,0.8205357142857143,0.9189510819647001,0.1713469154095651,0.17064425444193912,early_stage_diabetes,Explicit Imputation,MCAR,40,132
0.6078431372549019,0.7586206896551724,0.6285714285714286,0.6875,0.7339285714285715,0.871788843953562,0.2599626229684858,0.2569316090906368,early_stage_diabetes,Explicit Imputation,MCAR,40,142
0.7647058823529411,0.9259259259259259,0.7142857142857143,0.8064516129032258,0.8535714285714286,0.9386323401103004,0.15884144332204728,0.1676068576235397,early_stage_diabetes,Explicit Imputation,MCAR,40,152
0.803921568627451,0.8787878787878788,0.8285714285714286,0.8529411764705882,0.8946428571428571,0.9537170941799423,0.134555958254544,0.11000591662584566,early_stage_diabetes,Explicit Imputation,MCAR,40,162
0.7450980392156863,0.9230769230769231,0.6857142857142857,0.7868852459016393,0.8964285714285714,0.9520583810340647,0.1649608869638774,0.19049651661486017,early_stage_diabetes,Explicit Imputation,MCAR,40,172
0.8431372549019608,0.9354838709677419,0.8285714285714286,0.8787878787878788,0.9160714285714284,0.9665974076358631,0.1183326873700441,0.1118884212246128,early_stage_diabetes,Explicit Imputation,MCAR,40,182
0.6862745098039216,0.8518518518518519,0.6571428571428571,0.7419354838709677,0.7607142857142857,0.8986527829095067,0.2376420944306264,0.20913607787852193,early_stage_diabetes,Explicit Imputation,MCAR,40,192
0.7254901960784313,0.8387096774193549,0.7428571428571429,0.7878787878787878,0.7910714285714286,0.9071254065404634,0.19749244541745803,0.1574950129085896,early_stage_diabetes,Explicit Imputation,MCAR,40,202
0.7647058823529411,0.8709677419354839,0.7714285714285715,0.8181818181818182,0.8357142857142856,0.9232992252743658,0.18121548073521787,0.1520339554431392,early_stage_diabetes,Explicit Imputation,MCAR,40,212
0.803921568627451,0.9032258064516129,0.8,0.8484848484848485,0.8732142857142857,0.9143733798539421,0.1412316047900674,0.16489975724150152,early_stage_diabetes,Explicit Imputation,MCAR,40,222
0.7058823529411765,0.8571428571428571,0.6857142857142857,0.7619047619047619,0.7857142857142858,0.913648223888629,0.19098271467305558,0.21720787831673433,early_stage_diabetes,Explicit Imputation,MCAR,40,232
0.7843137254901961,0.9285714285714286,0.7428571428571429,0.8253968253968254,0.8910714285714286,0.942243377634683,0.1498853758389065,0.15065008489524617,early_stage_diabetes,Explicit Imputation,MCAR,50,42
0.7450980392156863,0.8928571428571429,0.7142857142857143,0.7936507936507936,0.7535714285714286,0.9008499924450282,0.2158676085644912,0.23613126020805508,early_stage_diabetes,Explicit Imputation,MCAR,50,52
0.6666666666666666,0.8461538461538461,0.6285714285714286,0.7213114754098361,0.7517857142857143,0.8964899797916038,0.22231362097135046,0.20714552174596226,early_stage_diabetes,Explicit Imputation,MCAR,50,62
0.7450980392156863,0.8666666666666667,0.7428571428571429,0.8,0.8276785714285715,0.9257785300993644,0.18116385077090777,0.1474483302410911,early_stage_diabetes,Explicit Imputation,MCAR,50,72
0.7254901960784313,0.8181818181818182,0.7714285714285715,0.7941176470588235,0.7982142857142858,0.8917962800947157,0.18171263546594268,0.17059143106727037,early_stage_diabetes,Explicit Imputation,MCAR,50,82
0.7058823529411765,0.8571428571428571,0.6857142857142857,0.7619047619047619,0.79375,0.9073207993055183,0.2074694249684585,0.16591044179364747,early_stage_diabetes,Explicit Imputation,MCAR,50,92
0.7058823529411765,0.8333333333333334,0.7142857142857143,0.7692307692307693,0.844642857142857,0.9180074578644091,0.17921975828516737,0.1901787536985734,early_stage_diabetes,Explicit Imputation,MCAR,50,102
0.7254901960784313,0.92,0.6571428571428571,0.7666666666666667,0.7875000000000001,0.9052635297710775,0.20233084878536733,0.21657955661123873,early_stage_diabetes,Explicit Imputation,MCAR,50,112
0.7254901960784313,0.92,0.6571428571428571,0.7666666666666667,0.7928571428571429,0.9034615936904764,0.20197764890348352,0.20212547334970213,early_stage_diabetes,Explicit Imputation,MCAR,50,122
0.8431372549019608,0.9354838709677419,0.8285714285714286,0.8787878787878788,0.8598214285714285,0.93493158296968,0.14675633122941772,0.13644408902116847,early_stage_diabetes,Explicit Imputation,MCAR,50,132
0.6470588235294118,0.7741935483870968,0.6857142857142857,0.7272727272727273,0.70625,0.8562233096452955,0.2645492058618498,0.2312767213466121,early_stage_diabetes,Explicit Imputation,MCAR,50,142
0.7450980392156863,0.84375,0.7714285714285715,0.8059701492537313,0.7678571428571429,0.8904184377288002,0.19488434152056244,0.1829502293292214,early_stage_diabetes,Explicit Imputation,MCAR,50,152
0.7843137254901961,0.875,0.8,0.835820895522388,0.8026785714285714,0.8941505697399815,0.17060049906435734,0.21357356976060307,early_stage_diabetes,Explicit Imputation,MCAR,50,162
0.7843137254901961,0.9285714285714286,0.7428571428571429,0.8253968253968254,0.8660714285714285,0.9454855988923746,0.1529271002537847,0.1892153345340607,early_stage_diabetes,Explicit Imputation,MCAR,50,172
0.8235294117647058,0.9333333333333333,0.8,0.8615384615384616,0.9026785714285713,0.9591281606397604,0.1262644395014676,0.12160757154810664,early_stage_diabetes,Explicit Imputation,MCAR,50,182
0.6862745098039216,0.8275862068965517,0.6857142857142857,0.75,0.7535714285714287,0.8964051625097067,0.23266305531754017,0.22893403309817403,early_stage_diabetes,Explicit Imputation,MCAR,50,192
0.7058823529411765,0.8571428571428571,0.6857142857142857,0.7619047619047619,0.7875000000000001,0.9023049388328125,0.20016272002364552,0.1826352585180133,early_stage_diabetes,Explicit Imputation,MCAR,50,202
0.6862745098039216,0.8064516129032258,0.7142857142857143,0.7575757575757576,0.7714285714285715,0.8608981563006332,0.18493371858741514,0.16600419770853195,early_stage_diabetes,Explicit Imputation,MCAR,50,212
0.803921568627451,0.9032258064516129,0.8,0.8484848484848485,0.9089285714285714,0.9591278530006436,0.13046946225711809,0.11155193240619173,early_stage_diabetes,Explicit Imputation,MCAR,50,222
0.7450980392156863,0.9230769230769231,0.6857142857142857,0.7868852459016393,0.7625000000000001,0.9027392089223917,0.21012927915529517,0.20844317132643625,early_stage_diabetes,Explicit Imputation,MCAR,50,232
0.8235294117647058,0.9642857142857143,0.7714285714285715,0.8571428571428571,0.9187500000000001,0.967062923622967,0.13642305401774976,0.15552377525497887,early_stage_diabetes,Explicit Imputation,MAR,10,42
0.7843137254901961,0.9615384615384616,0.7142857142857143,0.819672131147541,0.9125,0.9632816245566342,0.14208849752745323,0.15849336375500642,early_stage_diabetes,Explicit Imputation,MAR,10,52
0.7843137254901961,0.9615384615384616,0.7142857142857143,0.819672131147541,0.9196428571428572,0.9627538909436658,0.15444067397517672,0.15469368013973328,early_stage_diabetes,Explicit Imputation,MAR,10,62
0.8627450980392157,1.0,0.8,0.8888888888888888,0.9642857142857143,0.9860205726767511,0.08915595889079082,0.11800081633469636,early_stage_diabetes,Explicit Imputation,MAR,10,72
0.8627450980392157,0.9666666666666667,0.8285714285714286,0.8923076923076924,0.9410714285714284,0.9733114707389765,0.09735919784729785,0.1048097679135846,early_stage_diabetes,Explicit Imputation,MAR,10,82
0.8235294117647058,0.9642857142857143,0.7714285714285715,0.8571428571428571,0.9116071428571428,0.9648294260589705,0.1297582458403139,0.16691458079160426,early_stage_diabetes,Explicit Imputation,MAR,10,92
0.803921568627451,0.9629629629629629,0.7428571428571429,0.8387096774193549,0.9107142857142857,0.9644324964451855,0.14516505248210498,0.15752630658886013,early_stage_diabetes,Explicit Imputation,MAR,10,102
0.8431372549019608,1.0,0.7714285714285715,0.8709677419354839,0.9285714285714286,0.9717529914063527,0.13180990099173512,0.19411023669675284,early_stage_diabetes,Explicit Imputation,MAR,10,112
0.8823529411764706,1.0,0.8285714285714286,0.90625,0.9205357142857143,0.9693607886613627,0.11645016793750791,0.15073128950362116,early_stage_diabetes,Explicit Imputation,MAR,10,122
0.7843137254901961,0.9615384615384616,0.7142857142857143,0.819672131147541,0.8839285714285714,0.9456327856562932,0.16415811427383944,0.16577944546645765,early_stage_diabetes,Explicit Imputation,MAR,10,132
0.7450980392156863,0.8666666666666667,0.7428571428571429,0.8,0.8660714285714286,0.9413918859713958,0.17976404783219394,0.17130981571972367,early_stage_diabetes,Explicit Imputation,MAR,10,142
0.8627450980392157,1.0,0.8,0.8888888888888888,0.9571428571428571,0.9826761764690772,0.10951703671784717,0.1405732662910048,early_stage_diabetes,Explicit Imputation,MAR,10,152
0.7843137254901961,0.9615384615384616,0.7142857142857143,0.819672131147541,0.8982142857142857,0.9592168644863994,0.15538166674645446,0.16797030753656927,early_stage_diabetes,Explicit Imputation,MAR,10,162
0.8627450980392157,1.0,0.8,0.8888888888888888,0.9535714285714285,0.98202624681946,0.09259188695144706,0.1347261283035372,early_stage_diabetes,Explicit Imputation,MAR,10,172
0.7647058823529411,0.8709677419354839,0.7714285714285715,0.8181818181818182,0.8660714285714286,0.9420618397990191,0.1845213564518237,0.17895879136288867,early_stage_diabetes,Explicit Imputation,MAR,10,182
0.8627450980392157,0.9666666666666667,0.8285714285714286,0.8923076923076924,0.9464285714285714,0.9767321227053951,0.10506520365861981,0.09516549552334293,early_stage_diabetes,Explicit Imputation,MAR,10,192
0.8627450980392157,1.0,0.8,0.8888888888888888,0.9357142857142857,0.9756964468422729,0.11586840996199946,0.13804999300662207,early_stage_diabetes,Explicit Imputation,MAR,10,202
0.8235294117647058,0.9333333333333333,0.8,0.8615384615384616,0.9214285714285714,0.9634671328954959,0.13769999929594787,0.14584172984548646,early_stage_diabetes,Explicit Imputation,MAR,10,212
0.8235294117647058,0.9642857142857143,0.7714285714285715,0.8571428571428571,0.9339285714285714,0.9717429363899686,0.1340257868275127,0.15222707756009757,early_stage_diabetes,Explicit Imputation,MAR,10,222
0.7647058823529411,0.896551724137931,0.7428571428571429,0.8125,0.8696428571428572,0.9423798682902867,0.17401990837928938,0.2083495362278293,early_stage_diabetes,Explicit Imputation,MAR,10,232
0.8627450980392157,0.9666666666666667,0.8285714285714286,0.8923076923076924,0.9142857142857143,0.9650198485377798,0.12119921014572758,0.13309063674772487,early_stage_diabetes,Explicit Imputation,MAR,20,42
0.7843137254901961,1.0,0.6857142857142857,0.8135593220338984,0.9321428571428572,0.974358493615406,0.15962827431563517,0.18803120857360317,early_stage_diabetes,Explicit Imputation,MAR,20,52
0.7450980392156863,0.8928571428571429,0.7142857142857143,0.7936507936507936,0.8285714285714285,0.9223571874380979,0.19344125821219524,0.18930781881014508,early_stage_diabetes,Explicit Imputation,MAR,20,62
0.9019607843137255,0.96875,0.8857142857142857,0.9253731343283582,0.9303571428571429,0.9619256372987424,0.0841497336651974,0.0917300954461098,early_stage_diabetes,Explicit Imputation,MAR,20,72
0.803921568627451,0.9310344827586207,0.7714285714285715,0.84375,0.8785714285714286,0.9476416248232856,0.15244755604157922,0.1444130510676141,early_stage_diabetes,Explicit Imputation,MAR,20,82
0.8431372549019608,0.9655172413793104,0.8,0.875,0.9026785714285713,0.9621372537720357,0.14987271922521705,0.1849480903177869,early_stage_diabetes,Explicit Imputation,MAR,20,92
0.7254901960784313,0.8620689655172413,0.7142857142857143,0.78125,0.807142857142857,0.913085055379493,0.20252423789723045,0.18514931844730004,early_stage_diabetes,Explicit Imputation,MAR,20,102
0.7450980392156863,0.8928571428571429,0.7142857142857143,0.7936507936507936,0.8571428571428571,0.9391670899633996,0.1763787578951262,0.17193920603569818,early_stage_diabetes,Explicit Imputation,MAR,20,112
0.8235294117647058,0.90625,0.8285714285714286,0.8656716417910447,0.8937499999999999,0.9610784423050183,0.12217112856566598,0.17226781710690142,early_stage_diabetes,Explicit Imputation,MAR,20,122
0.7647058823529411,0.9259259259259259,0.7142857142857143,0.8064516129032258,0.8892857142857142,0.9457324080875734,0.16433130018358724,0.17308552782325184,early_stage_diabetes,Explicit Imputation,MAR,20,132
0.7450980392156863,0.8928571428571429,0.7142857142857143,0.7936507936507936,0.8107142857142857,0.8985508530700982,0.20579720319525802,0.19563752127920883,early_stage_diabetes,Explicit Imputation,MAR,20,142
0.8235294117647058,0.9333333333333333,0.8,0.8615384615384616,0.9446428571428571,0.9745974752529108,0.10931337193068473,0.12255720436280848,early_stage_diabetes,Explicit Imputation,MAR,20,152
0.7058823529411765,0.8571428571428571,0.6857142857142857,0.7619047619047619,0.8535714285714285,0.9295236366291911,0.16551645267396708,0.15301000801663775,early_stage_diabetes,Explicit Imputation,MAR,20,162
0.8235294117647058,0.90625,0.8285714285714286,0.8656716417910447,0.9196428571428572,0.965579385036615,0.11634152493029047,0.10251053707564578,early_stage_diabetes,Explicit Imputation,MAR,20,172
0.7647058823529411,0.896551724137931,0.7428571428571429,0.8125,0.8696428571428572,0.9379653371164238,0.15962910039227907,0.15802403630725312,early_stage_diabetes,Explicit Imputation,MAR,20,182
0.803921568627451,0.9032258064516129,0.8,0.8484848484848485,0.8767857142857143,0.9488480495579763,0.15731636991796982,0.19143818055882172,early_stage_diabetes,Explicit Imputation,MAR,20,192
0.7843137254901961,0.9,0.7714285714285715,0.8307692307692308,0.8696428571428572,0.9365931928572687,0.15690342539081073,0.1388025278700333,early_stage_diabetes,Explicit Imputation,MAR,20,202
0.7058823529411765,0.8846153846153846,0.6571428571428571,0.7540983606557377,0.8535714285714286,0.9300542074005175,0.2108746858462206,0.25348894962785296,early_stage_diabetes,Explicit Imputation,MAR,20,212
0.8235294117647058,0.9333333333333333,0.8,0.8615384615384616,0.9196428571428572,0.9663589043075764,0.1263765434529092,0.130432310349801,early_stage_diabetes,Explicit Imputation,MAR,20,222
0.803921568627451,0.9629629629629629,0.7428571428571429,0.8387096774193549,0.8803571428571428,0.9367011596883504,0.1678712413468371,0.1970172715829868,early_stage_diabetes,Explicit Imputation,MAR,20,232
0.803921568627451,0.9629629629629629,0.7428571428571429,0.8387096774193549,0.8714285714285714,0.9499712511791204,0.15818961973505047,0.16647484007419322,early_stage_diabetes,Explicit Imputation,MAR,30,42
0.803921568627451,0.9629629629629629,0.7428571428571429,0.8387096774193549,0.9107142857142857,0.9552265416357197,0.15203528031354446,0.1902056269932027,early_stage_diabetes,Explicit Imputation,MAR,30,52
0.6666666666666666,0.8214285714285714,0.6571428571428571,0.7301587301587301,0.7375,0.8766489792846329,0.2456280737179291,0.2550153843693289,early_stage_diabetes,Explicit Imputation,MAR,30,62
0.8627450980392157,0.9117647058823529,0.8857142857142857,0.8985507246376812,0.9089285714285714,0.9537882025541647,0.10333369097585915,0.10658804926217773,early_stage_diabetes,Explicit Imputation,MAR,30,72
0.7843137254901961,0.9285714285714286,0.7428571428571429,0.8253968253968254,0.8642857142857143,0.9455586098936773,0.15559752733224982,0.12955887447677406,early_stage_diabetes,Explicit Imputation,MAR,30,82
0.7843137254901961,0.9285714285714286,0.7428571428571429,0.8253968253968254,0.8866071428571429,0.9513872042524758,0.1457474228084406,0.1400534056273161,early_stage_diabetes,Explicit Imputation,MAR,30,92
0.6666666666666666,0.8461538461538461,0.6285714285714286,0.7213114754098361,0.7651785714285715,0.8904307585880494,0.24022516285035844,0.21575115168211506,early_stage_diabetes,Explicit Imputation,MAR,30,102
0.7450980392156863,0.9230769230769231,0.6857142857142857,0.7868852459016393,0.8642857142857143,0.9410849076752629,0.1703541763230517,0.17569498633783243,early_stage_diabetes,Explicit Imputation,MAR,30,112
0.7647058823529411,0.896551724137931,0.7428571428571429,0.8125,0.8401785714285714,0.9314058136412353,0.17855966394935094,0.1648727789813397,early_stage_diabetes,Explicit Imputation,MAR,30,122
0.7254901960784313,0.92,0.6571428571428571,0.7666666666666667,0.7910714285714285,0.8729030525458956,0.20923493033713692,0.20452244462920172,early_stage_diabetes,Explicit Imputation,MAR,30,132
0.7254901960784313,0.8888888888888888,0.6857142857142857,0.7741935483870968,0.8178571428571428,0.9070680643839523,0.19867513911041448,0.20575546400219785,early_stage_diabetes,Explicit Imputation,MAR,30,142
0.803921568627451,0.9032258064516129,0.8,0.8484848484848485,0.8875,0.9355262693597097,0.13932421714328658,0.12891568513769733,early_stage_diabetes,Explicit Imputation,MAR,30,152
0.7058823529411765,0.8125,0.7428571428571429,0.7761194029850746,0.7803571428571429,0.8856786567174142,0.19573568473260317,0.14690803122871063,early_stage_diabetes,Explicit Imputation,MAR,30,162
0.7843137254901961,0.9,0.7714285714285715,0.8307692307692308,0.8696428571428572,0.9388577957543364,0.1516305411396794,0.16516851224735674,early_stage_diabetes,Explicit Imputation,MAR,30,172
0.7647058823529411,0.8709677419354839,0.7714285714285715,0.8181818181818182,0.7982142857142857,0.8970794536344134,0.19144814916654052,0.1833312336136313,early_stage_diabetes,Explicit Imputation,MAR,30,182
0.7254901960784313,0.8387096774193549,0.7428571428571429,0.7878787878787878,0.7982142857142858,0.9156922273617261,0.1895823613234918,0.15495183917821623,early_stage_diabetes,Explicit Imputation,MAR,30,192
0.7843137254901961,0.875,0.8,0.835820895522388,0.844642857142857,0.916728952449481,0.16662096832109552,0.16800404091676074,early_stage_diabetes,Explicit Imputation,MAR,30,202
0.6862745098039216,0.8275862068965517,0.6857142857142857,0.75,0.8392857142857143,0.9240252410997817,0.18576021622171168,0.16373049073359544,early_stage_diabetes,Explicit Imputation,MAR,30,212
0.8627450980392157,0.9666666666666667,0.8285714285714286,0.8923076923076924,0.9142857142857144,0.9653813092478617,0.11730855478836108,0.13719203746786302,early_stage_diabetes,Explicit Imputation,MAR,30,222
0.803921568627451,0.9032258064516129,0.8,0.8484848484848485,0.8482142857142857,0.9306246070772615,0.16722487164106717,0.16416359283760484,early_stage_diabetes,Explicit Imputation,MAR,30,232
0.7843137254901961,0.9285714285714286,0.7428571428571429,0.8253968253968254,0.8714285714285714,0.9435640264892207,0.1580109673554635,0.14207568165718337,early_stage_diabetes,Explicit Imputation,MAR,40,42
0.8431372549019608,0.9354838709677419,0.8285714285714286,0.8787878787878788,0.9294642857142857,0.9685078330069893,0.12237715465162846,0.15272639896355422,early_stage_diabetes,Explicit Imputation,MAR,40,52
0.6470588235294118,0.7931034482758621,0.6571428571428571,0.71875,0.7196428571428571,0.8627951536052616,0.24128817211958875,0.2500532175980363,early_stage_diabetes,Explicit Imputation,MAR,40,62
0.8235294117647058,0.90625,0.8285714285714286,0.8656716417910447,0.8678571428571429,0.9373981722653455,0.14363718402600537,0.1384700644834369,early_stage_diabetes,Explicit Imputation,MAR,40,72
0.6666666666666666,0.8214285714285714,0.6571428571428571,0.7301587301587301,0.7651785714285715,0.8992930199139435,0.23213186712251158,0.22546805119981952,early_stage_diabetes,Explicit Imputation,MAR,40,82
0.8235294117647058,0.9642857142857143,0.7714285714285715,0.8571428571428571,0.8624999999999999,0.9468025233581515,0.15402923682801223,0.1867617704704696,early_stage_diabetes,Explicit Imputation,MAR,40,92
0.6666666666666666,0.9090909090909091,0.5714285714285714,0.7017543859649122,0.7741071428571429,0.8946814736564335,0.2617219235949315,0.2647546024299135,early_stage_diabetes,Explicit Imputation,MAR,40,102
0.7058823529411765,0.9166666666666666,0.6285714285714286,0.7457627118644068,0.8553571428571428,0.933806878900956,0.176984355495725,0.19192291204543674,early_stage_diabetes,Explicit Imputation,MAR,40,112
0.7843137254901961,0.9,0.7714285714285715,0.8307692307692308,0.8366071428571429,0.9318289294736352,0.17113613468946448,0.17948867891933407,early_stage_diabetes,Explicit Imputation,MAR,40,122
0.7058823529411765,0.8846153846153846,0.6571428571428571,0.7540983606557377,0.7642857142857142,0.8839679630182178,0.2174788347345648,0.19328643761429132,early_stage_diabetes,Explicit Imputation,MAR,40,132
0.7647058823529411,0.896551724137931,0.7428571428571429,0.8125,0.7767857142857142,0.8774760527982136,0.21305891472150762,0.22420023060312455,early_stage_diabetes,Explicit Imputation,MAR,40,142
0.7450980392156863,0.8666666666666667,0.7428571428571429,0.8,0.8250000000000001,0.8973194494987785,0.17371195491619978,0.15756876182322407,early_stage_diabetes,Explicit Imputation,MAR,40,152
0.6862745098039216,0.8064516129032258,0.7142857142857143,0.7575757575757576,0.7803571428571429,0.8989950886150653,0.20713455222962746,0.14147930329336839,early_stage_diabetes,Explicit Imputation,MAR,40,162
0.7647058823529411,0.896551724137931,0.7428571428571429,0.8125,0.8624999999999999,0.9381468901713585,0.1607416015748663,0.1850298216529921,early_stage_diabetes,Explicit Imputation,MAR,40,172
0.7058823529411765,0.8125,0.7428571428571429,0.7761194029850746,0.7937500000000001,0.9116357031373375,0.18578886153956717,0.18040411933964373,early_stage_diabetes,Explicit Imputation,MAR,40,182
0.803921568627451,0.8571428571428571,0.8571428571428571,0.8571428571428571,0.8803571428571428,0.9446831718680626,0.1332965612760973,0.11695581645357843,early_stage_diabetes,Explicit Imputation,MAR,40,192
0.7058823529411765,0.8333333333333334,0.7142857142857143,0.7692307692307693,0.8017857142857143,0.9038251511025052,0.18507234218733393,0.1454831409980269,early_stage_diabetes,Explicit Imputation,MAR,40,202
0.7058823529411765,0.8846153846153846,0.6571428571428571,0.7540983606557377,0.8053571428571429,0.9133432198334912,0.21521327366081205,0.1923872027911392,early_stage_diabetes,Explicit Imputation,MAR,40,212
0.7058823529411765,0.8846153846153846,0.6571428571428571,0.7540983606557377,0.8339285714285714,0.9284532412923722,0.18106190613436507,0.17676272367437681,early_stage_diabetes,Explicit Imputation,MAR,40,222
0.7647058823529411,0.8709677419354839,0.7714285714285715,0.8181818181818182,0.817857142857143,0.9215287779778483,0.18147699287258817,0.16259323834788564,early_stage_diabetes,Explicit Imputation,MAR,40,232
0.7254901960784313,0.8888888888888888,0.6857142857142857,0.7741935483870968,0.825,0.9195991310792264,0.17082248543327547,0.15883888406496421,early_stage_diabetes,Explicit Imputation,MAR,50,42
0.7450980392156863,0.8666666666666667,0.7428571428571429,0.8,0.8357142857142856,0.9244351839378414,0.18416016165294677,0.14315462733308473,early_stage_diabetes,Explicit Imputation,MAR,50,52
0.6666666666666666,0.8461538461538461,0.6285714285714286,0.7213114754098361,0.7428571428571429,0.8639902188428995,0.22916961116398463,0.20146146971805423,early_stage_diabetes,Explicit Imputation,MAR,50,62
0.7254901960784313,0.92,0.6571428571428571,0.7666666666666667,0.7973214285714286,0.9031098065513594,0.1802628369457888,0.1502099595233506,early_stage_diabetes,Explicit Imputation,MAR,50,72
0.5882352941176471,0.8181818181818182,0.5142857142857142,0.631578947368421,0.6375,0.8364667559429548,0.2924382714924986,0.2751846009609746,early_stage_diabetes,Explicit Imputation,MAR,50,82
0.6666666666666666,0.9090909090909091,0.5714285714285714,0.7017543859649122,0.7919642857142857,0.9086570468441093,0.20782679119628117,0.18019638699935933,early_stage_diabetes,Explicit Imputation,MAR,50,92
0.6078431372549019,0.8947368421052632,0.4857142857142857,0.6296296296296297,0.7553571428571428,0.873087488671518,0.25187333453480465,0.24726035833066587,early_stage_diabetes,Explicit Imputation,MAR,50,102
0.6666666666666666,0.8214285714285714,0.6571428571428571,0.7301587301587301,0.79375,0.8919374439703407,0.19497449045248402,0.19017459525197158,early_stage_diabetes,Explicit Imputation,MAR,50,112
0.7254901960784313,0.8620689655172413,0.7142857142857143,0.78125,0.7723214285714286,0.9030744492901505,0.2021707906889112,0.2121619166550683,early_stage_diabetes,Explicit Imputation,MAR,50,122
0.7058823529411765,0.8571428571428571,0.6857142857142857,0.7619047619047619,0.7875000000000001,0.9045525046133588,0.20731485475084538,0.22345950359515115,early_stage_diabetes,Explicit Imputation,MAR,50,132
0.6666666666666666,0.8214285714285714,0.6571428571428571,0.7301587301587301,0.7133928571428572,0.8547607553245261,0.23114127430365247,0.1826095922904856,early_stage_diabetes,Explicit Imputation,MAR,50,142
0.7058823529411765,0.7777777777777778,0.8,0.7887323943661971,0.76875,0.8765812777658047,0.20256684911605027,0.16653566822117452,early_stage_diabetes,Explicit Imputation,MAR,50,152
0.6666666666666666,0.8,0.6857142857142857,0.7384615384615385,0.7151785714285714,0.8620447949921218,0.22368233557818337,0.18284749729084035,early_stage_diabetes,Explicit Imputation,MAR,50,162
0.7450980392156863,0.9230769230769231,0.6857142857142857,0.7868852459016393,0.8276785714285715,0.9082303629241393,0.19494065113186268,0.19795919377721996,early_stage_diabetes,Explicit Imputation,MAR,50,172
0.6862745098039216,0.8064516129032258,0.7142857142857143,0.7575757575757576,0.6785714285714286,0.8496166067964247,0.21862854870545154,0.15615910386630133,early_stage_diabetes,Explicit Imputation,MAR,50,182
0.7843137254901961,0.8529411764705882,0.8285714285714286,0.8405797101449275,0.8696428571428572,0.942991612486141,0.15583143451000447,0.16049813201614457,early_stage_diabetes,Explicit Imputation,MAR,50,192
0.6274509803921569,0.75,0.6857142857142857,0.7164179104477612,0.6589285714285714,0.8308170246285809,0.237077619586257,0.18241569144176498,early_stage_diabetes,Explicit Imputation,MAR,50,202
0.6666666666666666,0.875,0.6,0.711864406779661,0.8098214285714286,0.9147053315492316,0.20114723635000573,0.18925970924251223,early_stage_diabetes,Explicit Imputation,MAR,50,212
0.6666666666666666,0.9090909090909091,0.5714285714285714,0.7017543859649122,0.7875,0.9042804919092179,0.2187826750474407,0.21175464016257545,early_stage_diabetes,Explicit Imputation,MAR,50,222
0.6470588235294118,0.8148148148148148,0.6285714285714286,0.7096774193548387,0.7357142857142858,0.8813888284399464,0.23422027184745123,0.2084311701211275,early_stage_diabetes,Explicit Imputation,MAR,50,232
0.8627450980392157,0.9666666666666667,0.8285714285714286,0.8923076923076924,0.9071428571428571,0.9473325811009564,0.11068452491088872,0.13824404410871804,early_stage_diabetes,Explicit Imputation,MNAR,10,42
0.8823529411764706,0.967741935483871,0.8571428571428571,0.9090909090909091,0.95,0.9811099287685441,0.08955134224919134,0.10798565984940997,early_stage_diabetes,Explicit Imputation,MNAR,10,52
0.8823529411764706,1.0,0.8285714285714286,0.90625,0.9285714285714286,0.9742145621689536,0.10198417280902884,0.11952924070989383,early_stage_diabetes,Explicit Imputation,MNAR,10,62
0.8235294117647058,0.8823529411764706,0.8571428571428571,0.8695652173913043,0.8910714285714285,0.9485093447683008,0.13735064198459782,0.12523053268737655,early_stage_diabetes,Explicit Imputation,MNAR,10,72
0.7843137254901961,0.9,0.7714285714285715,0.8307692307692308,0.8830357142857143,0.948969434701646,0.15971030200618627,0.1327507336642228,early_stage_diabetes,Explicit Imputation,MNAR,10,82
0.8235294117647058,0.9642857142857143,0.7714285714285715,0.8571428571428571,0.9142857142857143,0.963434229003375,0.1467634570452985,0.17280575494263686,early_stage_diabetes,Explicit Imputation,MNAR,10,92
0.8627450980392157,0.9117647058823529,0.8857142857142857,0.8985507246376812,0.9392857142857143,0.9752885281141996,0.10614839131867358,0.12833968009434493,early_stage_diabetes,Explicit Imputation,MNAR,10,102
0.8431372549019608,1.0,0.7714285714285715,0.8709677419354839,0.8910714285714285,0.958984975496329,0.13792087670886574,0.14979968614438,early_stage_diabetes,Explicit Imputation,MNAR,10,112
0.8627450980392157,0.9666666666666667,0.8285714285714286,0.8923076923076924,0.932142857142857,0.9715918028376315,0.11533961693982378,0.14072167080845316,early_stage_diabetes,Explicit Imputation,MNAR,10,122
0.8627450980392157,0.9375,0.8571428571428571,0.8955223880597015,0.9124999999999999,0.9634772505752203,0.12481928386252301,0.1393243995513402,early_stage_diabetes,Explicit Imputation,MNAR,10,132
0.8823529411764706,0.9393939393939394,0.8857142857142857,0.9117647058823529,0.9267857142857143,0.9697542930239915,0.11002238114863004,0.1295321295220478,early_stage_diabetes,Explicit Imputation,MNAR,10,142
0.8627450980392157,0.9375,0.8571428571428571,0.8955223880597015,0.9035714285714285,0.9651675966297427,0.11066375256211186,0.12034942063630796,early_stage_diabetes,Explicit Imputation,MNAR,10,152
0.8431372549019608,0.9354838709677419,0.8285714285714286,0.8787878787878788,0.9178571428571428,0.9602864722712262,0.12182292897145619,0.11272827756828538,early_stage_diabetes,Explicit Imputation,MNAR,10,162
0.7647058823529411,0.9259259259259259,0.7142857142857143,0.8064516129032258,0.8839285714285714,0.9444873691207113,0.15927226058638752,0.15048928785265658,early_stage_diabetes,Explicit Imputation,MNAR,10,172
0.803921568627451,0.9032258064516129,0.8,0.8484848484848485,0.9142857142857143,0.9652715364570527,0.11493358179641858,0.1321777883259689,early_stage_diabetes,Explicit Imputation,MNAR,10,182
0.803921568627451,0.9032258064516129,0.8,0.8484848484848485,0.9285714285714286,0.9692472628766376,0.12992176271344488,0.15655655238558266,early_stage_diabetes,Explicit Imputation,MNAR,10,192
0.7254901960784313,0.8620689655172413,0.7142857142857143,0.78125,0.8589285714285715,0.9384751271872452,0.16984498637917783,0.17094970954691666,early_stage_diabetes,Explicit Imputation,MNAR,10,202
0.803921568627451,0.9032258064516129,0.8,0.8484848484848485,0.9142857142857144,0.962615751713091,0.1341785803507082,0.16014665102257447,early_stage_diabetes,Explicit Imputation,MNAR,10,212
0.8823529411764706,0.9393939393939394,0.8857142857142857,0.9117647058823529,0.9464285714285714,0.9780275468579621,0.09311804056885535,0.09383164214737275,early_stage_diabetes,Explicit Imputation,MNAR,10,222
0.7843137254901961,0.9285714285714286,0.7428571428571429,0.8253968253968254,0.9232142857142858,0.968060809018853,0.12722339607964933,0.1592810215318904,early_stage_diabetes,Explicit Imputation,MNAR,10,232
0.803921568627451,0.9032258064516129,0.8,0.8484848484848485,0.8821428571428571,0.9532696244272403,0.15514856042796063,0.17669052353092268,early_stage_diabetes,Explicit Imputation,MNAR,20,42
0.8627450980392157,0.9375,0.8571428571428571,0.8955223880597015,0.9107142857142857,0.9631512186832045,0.11796225026287922,0.12088473915469414,early_stage_diabetes,Explicit Imputation,MNAR,20,52
0.8823529411764706,0.967741935483871,0.8571428571428571,0.9090909090909091,0.9482142857142857,0.9763999461100605,0.09812530483636658,0.1379704633179833,early_stage_diabetes,Explicit Imputation,MNAR,20,62
0.803921568627451,0.9032258064516129,0.8,0.8484848484848485,0.9089285714285714,0.9605757733571189,0.1491998093643803,0.1259419221942331,early_stage_diabetes,Explicit Imputation,MNAR,20,72
0.803921568627451,0.9310344827586207,0.7714285714285715,0.84375,0.8785714285714286,0.9501732262385606,0.1486928849782863,0.11950403276611776,early_stage_diabetes,Explicit Imputation,MNAR,20,82
0.8823529411764706,0.9142857142857143,0.9142857142857143,0.9142857142857143,0.9482142857142857,0.9795438024009454,0.08558158463073465,0.09637545575113855,early_stage_diabetes,Explicit Imputation,MNAR,20,92
0.8431372549019608,0.9090909090909091,0.8571428571428571,0.8823529411764706,0.8999999999999999,0.9515028180902393,0.10925135832640147,0.06269269882171763,early_stage_diabetes,Explicit Imputation,MNAR,20,102
0.8431372549019608,0.9354838709677419,0.8285714285714286,0.8787878787878788,0.9125,0.9649884050550249,0.12120477688160278,0.11553057666648836,early_stage_diabetes,Explicit Imputation,MNAR,20,112
0.7647058823529411,0.96,0.6857142857142857,0.8,0.9107142857142856,0.9640671257219445,0.16060576736958165,0.19716024369585747,early_stage_diabetes,Explicit Imputation,MNAR,20,122
0.803921568627451,0.9032258064516129,0.8,0.8484848484848485,0.8892857142857142,0.9492273270263395,0.14109230311607596,0.1407500006368055,early_stage_diabetes,Explicit Imputation,MNAR,20,132
0.8823529411764706,0.967741935483871,0.8571428571428571,0.9090909090909091,0.9535714285714285,0.9793169721008114,0.09903912009919165,0.12342178635299206,early_stage_diabetes,Explicit Imputation,MNAR,20,142
0.7843137254901961,0.9,0.7714285714285715,0.8307692307692308,0.8767857142857143,0.9474263275270707,0.1497176118196562,0.1485256925225258,early_stage_diabetes,Explicit Imputation,MNAR,20,152
0.8823529411764706,0.9393939393939394,0.8857142857142857,0.9117647058823529,0.9232142857142857,0.9653453929979098,0.09891442358213297,0.11461528547692532,early_stage_diabetes,Explicit Imputation,MNAR,20,162
0.8431372549019608,0.9354838709677419,0.8285714285714286,0.8787878787878788,0.9410714285714286,0.9691236259419415,0.1086756502168577,0.10448618466947594,early_stage_diabetes,Explicit Imputation,MNAR,20,172
0.8235294117647058,0.9333333333333333,0.8,0.8615384615384616,0.8982142857142856,0.9573654256922152,0.14239947626853414,0.16559221186474257,early_stage_diabetes,Explicit Imputation,MNAR,20,182
0.8235294117647058,0.9333333333333333,0.8,0.8615384615384616,0.9482142857142857,0.9780784689242267,0.09986192947917306,0.13824020428400413,early_stage_diabetes,Explicit Imputation,MNAR,20,192
0.8627450980392157,0.9117647058823529,0.8857142857142857,0.8985507246376812,0.9142857142857143,0.9617511037093218,0.11057093859798153,0.08223529072368845,early_stage_diabetes,Explicit Imputation,MNAR,20,202
0.8627450980392157,0.9117647058823529,0.8857142857142857,0.8985507246376812,0.9535714285714285,0.9818288157835197,0.08674491580664268,0.14378006712478753,early_stage_diabetes,Explicit Imputation,MNAR,20,212
0.7647058823529411,0.8484848484848485,0.8,0.8235294117647058,0.8392857142857143,0.9301401813330299,0.17870976771772126,0.1587572812157519,early_stage_diabetes,Explicit Imputation,MNAR,20,222
0.7843137254901961,0.9285714285714286,0.7428571428571429,0.8253968253968254,0.844642857142857,0.9419115379219375,0.17035098859560435,0.1803130988104671,early_stage_diabetes,Explicit Imputation,MNAR,20,232
0.8823529411764706,0.9393939393939394,0.8857142857142857,0.9117647058823529,0.9267857142857142,0.9689324393133051,0.09939707797128265,0.06981854688595324,early_stage_diabetes,Explicit Imputation,MNAR,30,42
0.8431372549019608,0.9090909090909091,0.8571428571428571,0.8823529411764706,0.9232142857142858,0.9658970769106238,0.11817508838449331,0.10353149006179732,early_stage_diabetes,Explicit Imputation,MNAR,30,52
0.9019607843137255,0.96875,0.8857142857142857,0.9253731343283582,0.9553571428571428,0.9805747145252471,0.0823507646346979,0.07801059092961106,early_stage_diabetes,Explicit Imputation,MNAR,30,62
0.7450980392156863,0.84375,0.7714285714285715,0.8059701492537313,0.8982142857142857,0.9564375712827726,0.13822716735672527,0.14345306742425057,early_stage_diabetes,Explicit Imputation,MNAR,30,72
0.7843137254901961,0.875,0.8,0.835820895522388,0.9017857142857143,0.957262676491153,0.13888217799726954,0.14668308863160656,early_stage_diabetes,Explicit Imputation,MNAR,30,82
0.7450980392156863,0.8235294117647058,0.8,0.8115942028985508,0.8392857142857143,0.9289910657997343,0.16957518289798715,0.16256850914043539,early_stage_diabetes,Explicit Imputation,MNAR,30,92
0.7450980392156863,0.8666666666666667,0.7428571428571429,0.8,0.8803571428571428,0.9455446855095737,0.1599544597162869,0.18159750103950503,early_stage_diabetes,Explicit Imputation,MNAR,30,102
0.803921568627451,0.8571428571428571,0.8571428571428571,0.8571428571428571,0.8714285714285714,0.9460773446840519,0.14999829431791437,0.11486048192954534,early_stage_diabetes,Explicit Imputation,MNAR,30,112
0.7843137254901961,0.9,0.7714285714285715,0.8307692307692308,0.9267857142857143,0.9684230795219902,0.1130036925932077,0.14545535719862174,early_stage_diabetes,Explicit Imputation,MNAR,30,122
0.8627450980392157,0.9666666666666667,0.8285714285714286,0.8923076923076924,0.9125000000000001,0.9667231320628887,0.11314334939091157,0.11566451337991976,early_stage_diabetes,Explicit Imputation,MNAR,30,132
0.9019607843137255,0.9411764705882353,0.9142857142857143,0.927536231884058,0.9285714285714285,0.9676944359596084,0.10393493981282897,0.1240361829598745,early_stage_diabetes,Explicit Imputation,MNAR,30,142
0.803921568627451,0.9629629629629629,0.7428571428571429,0.8387096774193549,0.8535714285714286,0.9412598411074846,0.1628452756492284,0.13671904948412203,early_stage_diabetes,Explicit Imputation,MNAR,30,152
0.8235294117647058,0.8611111111111112,0.8857142857142857,0.8732394366197183,0.9017857142857144,0.9629830129665063,0.12234224379156258,0.09618903199831645,early_stage_diabetes,Explicit Imputation,MNAR,30,162
0.8431372549019608,0.9354838709677419,0.8285714285714286,0.8787878787878788,0.875,0.9396512294636178,0.1365762371560295,0.12602256866646747,early_stage_diabetes,Explicit Imputation,MNAR,30,172
0.803921568627451,0.9310344827586207,0.7714285714285715,0.84375,0.9017857142857143,0.9616651074652536,0.12860064313401065,0.16398716177426134,early_stage_diabetes,Explicit Imputation,MNAR,30,182
0.8235294117647058,0.8823529411764706,0.8571428571428571,0.8695652173913043,0.8910714285714285,0.953519928621004,0.1321332036369067,0.13859070370010299,early_stage_diabetes,Explicit Imputation,MNAR,30,192
0.9411764705882353,0.9444444444444444,0.9714285714285714,0.9577464788732394,0.9517857142857142,0.975764339683442,0.06639252935043392,0.08267854957603939,early_stage_diabetes,Explicit Imputation,MNAR,30,202
0.8235294117647058,0.8823529411764706,0.8571428571428571,0.8695652173913043,0.8875,0.9492674327210969,0.1400674022159299,0.15513903096172157,early_stage_diabetes,Explicit Imputation,MNAR,30,212
0.8627450980392157,0.9375,0.8571428571428571,0.8955223880597015,0.9607142857142856,0.983903543822221,0.08259138540550906,0.07858447701323265,early_stage_diabetes,Explicit Imputation,MNAR,30,222
0.8627450980392157,0.9375,0.8571428571428571,0.8955223880597015,0.925,0.9681010582187661,0.10786910915768914,0.10834129848608785,early_stage_diabetes,Explicit Imputation,MNAR,30,232
0.7058823529411765,0.8571428571428571,0.6857142857142857,0.7619047619047619,0.8,0.9117287589850885,0.2017043366848509,0.2098858400302775,early_stage_diabetes,Explicit Imputation,MNAR,40,42
0.7843137254901961,0.8529411764705882,0.8285714285714286,0.8405797101449275,0.8625,0.9385818166976613,0.14410374189223765,0.09651413917833682,early_stage_diabetes,Explicit Imputation,MNAR,40,52
0.8823529411764706,0.9393939393939394,0.8857142857142857,0.9117647058823529,0.9482142857142857,0.9779529187356513,0.09401542333919065,0.12316706688965068,early_stage_diabetes,Explicit Imputation,MNAR,40,62
0.8431372549019608,0.9090909090909091,0.8571428571428571,0.8823529411764706,0.9017857142857143,0.9622839888445364,0.12099249614560632,0.15940369402661045,early_stage_diabetes,Explicit Imputation,MNAR,40,72
0.8823529411764706,0.9393939393939394,0.8857142857142857,0.9117647058823529,0.9401785714285713,0.9769676091854198,0.09503031876840566,0.1544142494014665,early_stage_diabetes,Explicit Imputation,MNAR,40,82
0.9019607843137255,0.9411764705882353,0.9142857142857143,0.927536231884058,0.9589285714285715,0.9842540128254416,0.08221556823100239,0.13453397534641565,early_stage_diabetes,Explicit Imputation,MNAR,40,92
0.803921568627451,0.8378378378378378,0.8857142857142857,0.8611111111111112,0.8910714285714286,0.9548030519862094,0.1349180158365869,0.12955558636024886,early_stage_diabetes,Explicit Imputation,MNAR,40,102
0.803921568627451,0.8378378378378378,0.8857142857142857,0.8611111111111112,0.8714285714285714,0.9442098467755714,0.1397714618670524,0.0692522455664242,early_stage_diabetes,Explicit Imputation,MNAR,40,112
0.7254901960784313,0.8387096774193549,0.7428571428571429,0.7878787878787878,0.8142857142857143,0.9045508573457509,0.1939999356081806,0.17169908156581956,early_stage_diabetes,Explicit Imputation,MNAR,40,122
0.7843137254901961,0.875,0.8,0.835820895522388,0.8767857142857143,0.9476796131232178,0.14464728804153443,0.1244661840153675,early_stage_diabetes,Explicit Imputation,MNAR,40,132
0.7647058823529411,0.896551724137931,0.7428571428571429,0.8125,0.8464285714285714,0.9327938405630744,0.16165482380780452,0.13096454637307747,early_stage_diabetes,Explicit Imputation,MNAR,40,142
0.803921568627451,0.8787878787878788,0.8285714285714286,0.8529411764705882,0.8875,0.9420352645432578,0.12816859980597953,0.10930975256305116,early_stage_diabetes,Explicit Imputation,MNAR,40,152
0.8823529411764706,0.967741935483871,0.8571428571428571,0.9090909090909091,0.9089285714285714,0.9592877889783651,0.1194757300320676,0.15298585776312681,early_stage_diabetes,Explicit Imputation,MNAR,40,162
0.803921568627451,0.8571428571428571,0.8571428571428571,0.8571428571428571,0.8482142857142857,0.9301180249088631,0.1504423459101129,0.11408352004546748,early_stage_diabetes,Explicit Imputation,MNAR,40,172
0.8627450980392157,0.9666666666666667,0.8285714285714286,0.8923076923076924,0.9160714285714284,0.968565999826504,0.1098236310667728,0.11762335706575243,early_stage_diabetes,Explicit Imputation,MNAR,40,182
0.803921568627451,0.9310344827586207,0.7714285714285715,0.84375,0.8928571428571429,0.9496465639901613,0.13610390017304944,0.13489064512153467,early_stage_diabetes,Explicit Imputation,MNAR,40,192
0.7450980392156863,0.8235294117647058,0.8,0.8115942028985508,0.8660714285714286,0.940506668561511,0.14351556352617473,0.14950645218292874,early_stage_diabetes,Explicit Imputation,MNAR,40,202
0.803921568627451,0.9032258064516129,0.8,0.8484848484848485,0.8464285714285714,0.9253013455526272,0.1579896413264567,0.13563685002280218,early_stage_diabetes,Explicit Imputation,MNAR,40,212
0.7843137254901961,0.9,0.7714285714285715,0.8307692307692308,0.8875,0.9542526194261572,0.15435482652479646,0.21847398286941005,early_stage_diabetes,Explicit Imputation,MNAR,40,222
0.7647058823529411,0.8285714285714286,0.8285714285714286,0.8285714285714286,0.8714285714285714,0.9432185243924688,0.1469060215729659,0.13016795140563275,early_stage_diabetes,Explicit Imputation,MNAR,40,232
0.7647058823529411,0.8285714285714286,0.8285714285714286,0.8285714285714286,0.8607142857142858,0.9463719187277347,0.15767916109232022,0.18252357088175475,early_stage_diabetes,Explicit Imputation,MNAR,50,42
0.803921568627451,0.8787878787878788,0.8285714285714286,0.8529411764705882,0.9,0.9570938266838783,0.12197268075113847,0.07678674775011399,early_stage_diabetes,Explicit Imputation,MNAR,50,52
0.7843137254901961,0.8157894736842105,0.8857142857142857,0.8493150684931506,0.8571428571428571,0.9141948166415403,0.13707242735954273,0.14171604498052126,early_stage_diabetes,Explicit Imputation,MNAR,50,62
0.7843137254901961,0.875,0.8,0.835820895522388,0.89375,0.9544898756937483,0.12920008346561312,0.13352359670634362,early_stage_diabetes,Explicit Imputation,MNAR,50,72
0.7254901960784313,0.8,0.8,0.8,0.7928571428571429,0.8950272694040976,0.1825315624295858,0.10968478812890894,early_stage_diabetes,Explicit Imputation,MNAR,50,82
0.7254901960784313,0.8,0.8,0.8,0.7232142857142857,0.8128246372341627,0.1874717476732524,0.1913288047208505,early_stage_diabetes,Explicit Imputation,MNAR,50,92
0.803921568627451,0.8571428571428571,0.8571428571428571,0.8571428571428571,0.8767857142857143,0.943462177034517,0.14340756576222333,0.10251343600890217,early_stage_diabetes,Explicit Imputation,MNAR,50,102
0.8235294117647058,0.8611111111111112,0.8857142857142857,0.8732394366197183,0.9303571428571429,0.972511943796262,0.10421908121537529,0.1244822409661377,early_stage_diabetes,Explicit Imputation,MNAR,50,112
0.8235294117647058,0.90625,0.8285714285714286,0.8656716417910447,0.8839285714285713,0.9495599883302616,0.133048396535705,0.11823093189912683,early_stage_diabetes,Explicit Imputation,MNAR,50,122
0.7254901960784313,0.8,0.8,0.8,0.8607142857142858,0.941532540724806,0.15262850667117897,0.1519853035901107,early_stage_diabetes,Explicit Imputation,MNAR,50,132
0.7450980392156863,0.8235294117647058,0.8,0.8115942028985508,0.8017857142857142,0.853663406172037,0.16161808564148217,0.1349325004015483,early_stage_diabetes,Explicit Imputation,MNAR,50,142
0.7647058823529411,0.8709677419354839,0.7714285714285715,0.8181818181818182,0.8089285714285714,0.9242042207211322,0.17543595741454748,0.18414202894942433,early_stage_diabetes,Explicit Imputation,MNAR,50,152
0.8235294117647058,0.8823529411764706,0.8571428571428571,0.8695652173913043,0.8303571428571429,0.9256268168316527,0.1569034799082439,0.14846958716710407,early_stage_diabetes,Explicit Imputation,MNAR,50,162
0.6862745098039216,0.7714285714285715,0.7714285714285715,0.7714285714285715,0.7553571428571428,0.8979391649877829,0.21937798825815613,0.2024809823316686,early_stage_diabetes,Explicit Imputation,MNAR,50,172
0.7254901960784313,0.8,0.8,0.8,0.7669642857142858,0.8948155494000308,0.1868831749879483,0.10389350325453511,early_stage_diabetes,Explicit Imputation,MNAR,50,182
0.8627450980392157,0.8888888888888888,0.9142857142857143,0.9014084507042254,0.9357142857142857,0.9757510521939272,0.09887447533128396,0.14030112632933783,early_stage_diabetes,Explicit Imputation,MNAR,50,192
0.6862745098039216,0.7714285714285715,0.7714285714285715,0.7714285714285715,0.8464285714285715,0.9370938238903119,0.1743023893944392,0.20356452026787925,early_stage_diabetes,Explicit Imputation,MNAR,50,202
0.7647058823529411,0.8484848484848485,0.8,0.8235294117647058,0.8535714285714285,0.9337452882534801,0.14542791589052328,0.09306723346897201,early_stage_diabetes,Explicit Imputation,MNAR,50,212
0.803921568627451,0.8378378378378378,0.8857142857142857,0.8611111111111112,0.9410714285714286,0.9756026132893705,0.10759783283787994,0.11090125830150119,early_stage_diabetes,Explicit Imputation,MNAR,50,222
0.7843137254901961,0.8333333333333334,0.8571428571428571,0.8450704225352113,0.8607142857142858,0.9376403172223204,0.14163361571362684,0.11228212831067105,early_stage_diabetes,Explicit Imputation,MNAR,50,232
