Accuracy,Precision,Recall,F1,AUROC,AUPRC,Brier,ECE,Dataset,Approach,Mechanism,Missingness,Seed
0.7022206937211359,0.17924847664184157,0.4663143989431968,0.2589558625748869,0.6437459122696452,0.19352614390113584,0.20357966776754596,0.31725848779862725,readmission,Native,MCAR,10,42
0.6952933084406013,0.1803545291917385,0.48833113166006165,0.2634204275534442,0.6473228551559054,0.1954147962875038,0.2056026936182621,0.3204597119325046,readmission,Native,MCAR,10,52
0.6954406996167829,0.17686739058900955,0.47335975341259356,0.2575158701640915,0.6448948659920875,0.19412645664790396,0.2044410269141226,0.31867944790784125,readmission,Native,MCAR,10,62
0.6994202613736857,0.18032241981053682,0.47776309995596655,0.26182432432432434,0.6472035973463816,0.1976762543087625,0.20424300209149684,0.31917118156595825,readmission,Native,MCAR,10,72
0.6992237398054436,0.17881567973311094,0.4720387494495817,0.25937575610936364,0.648288155504294,0.19771664327308924,0.2047016137742941,0.31995220300056515,readmission,Native,MCAR,10,82
0.6960793947135698,0.1784130113356333,0.47820343461030385,0.2598707824838478,0.6428678363160935,0.19031626979994887,0.20537684827787656,0.31964258080476676,readmission,Native,MCAR,10,92
0.6952933084406013,0.17539223781998348,0.4676354029062087,0.25510449195291857,0.6446528073385764,0.20063433136404812,0.20417342893841048,0.31823144688465815,readmission,Native,MCAR,10,102
0.6980937407880515,0.18015191545574638,0.4804051078819903,0.26203914975381287,0.6456237692368813,0.1954708973327523,0.20486687275749885,0.3194408490184987,readmission,Native,MCAR,10,112
0.6936720055026039,0.1769882659713168,0.47820343461030385,0.2583561317949328,0.6463428834792394,0.1945061933846312,0.20486801040277788,0.3196256605384274,readmission,Native,MCAR,10,122
0.698142871180112,0.1763329433394618,0.46455306032584764,0.2556336321783378,0.6395123026453707,0.1961330817908703,0.20516440538654981,0.3190868049479309,readmission,Native,MCAR,10,132
0.6977498280436278,0.1803656728710262,0.4821664464993395,0.26252697194917285,0.6465247957745017,0.1976489854855543,0.2054555983732399,0.32031648601705937,readmission,Native,MCAR,10,142
0.7025154760734991,0.18190988567585742,0.4764420959929547,0.2632923713347122,0.6481242505903779,0.19773038303574583,0.20358619115662732,0.31786708760678245,readmission,Native,MCAR,10,152
0.6966198290262356,0.17820639630728652,0.4760017613386173,0.2593258966054936,0.6388918089499388,0.19453936093065596,0.20517989865654926,0.3188287564324081,readmission,Native,MCAR,10,162
0.7000589564704727,0.1786791820315119,0.4693967415235579,0.25883209906519367,0.6427580265984728,0.19534766862289057,0.20404715509648605,0.3174086233442292,readmission,Native,MCAR,10,172
0.6984376535324752,0.17855361596009975,0.47291941875825627,0.25923244026068065,0.6462174771047531,0.19711005271249982,0.2050022572421715,0.3197841998041438,readmission,Native,MCAR,10,182
0.6993711309816253,0.17782987273945078,0.4676354029062087,0.2576731772412956,0.6469524558622525,0.19943051868730322,0.2049395247747847,0.3201303689986676,readmission,Native,MCAR,10,192
0.6985850447086568,0.17938931297709923,0.4760017613386173,0.2605761118476558,0.6491366939952725,0.20043243371132397,0.20385906942346618,0.31818190454657747,readmission,Native,MCAR,10,202
0.6984867839245357,0.17664770826363332,0.46499339498018494,0.2560310340647351,0.6441948549149302,0.19534456557453989,0.20454052173343007,0.318325031713827,readmission,Native,MCAR,10,212
0.6979954800039304,0.1792452830188679,0.47688243064729197,0.2605557560447492,0.645230589814426,0.19967361874527795,0.20451606086035012,0.3191360626506983,readmission,Native,MCAR,10,222
0.6948511349120566,0.17481016837240013,0.4663143989431968,0.2542922319606195,0.6403145260054224,0.19697199259217896,0.2052548938363217,0.31960575935167546,readmission,Native,MCAR,10,232
0.7004028692148964,0.17329690968072392,0.4469396741523558,0.24975393700787402,0.6350695687601082,0.18419286903021445,0.2052978075414936,0.32006970781221994,readmission,Native,MCAR,20,42
0.6945072221676329,0.17299088649544325,0.45970937912813736,0.25138454129544907,0.6329211384083856,0.18871271826021552,0.20573724253869724,0.319336097190021,readmission,Native,MCAR,20,52
0.698044610395991,0.1756236397120375,0.4619110523998239,0.25448811256671516,0.6386664792632767,0.18604138822208652,0.20484175643912073,0.3191139288499206,readmission,Native,MCAR,20,62
0.6972585241230225,0.17558779389694848,0.46367239101717306,0.25471698113207547,0.6345949482464939,0.1867511583338704,0.206711845104357,0.32206741218729945,readmission,Native,MCAR,20,72
0.6949493956961776,0.17227030625832224,0.4557463672391017,0.2500301968836816,0.6349876893554072,0.1910857195404887,0.20632371963312246,0.3219858676837928,readmission,Native,MCAR,20,82
0.691362877075759,0.16987654320987655,0.45442536327608984,0.24730409777138748,0.6287762020487115,0.1880994957465743,0.2062200287477795,0.3203882918250845,readmission,Native,MCAR,20,92
0.6966689594182962,0.17240221588047674,0.4522236900044033,0.2496353913466213,0.6371662537631348,0.19268411007528763,0.20523730160845566,0.32057061992967084,readmission,Native,MCAR,20,102
0.6951459172644198,0.17444554783184377,0.46411272567151035,0.25357873210633947,0.6384536415125587,0.18737344866505817,0.20528640426859823,0.32014279649828575,readmission,Native,MCAR,20,112
0.6961285251056304,0.16976037799527505,0.4429766622633201,0.24545565450774673,0.6340109076272962,0.18457989327947363,0.20610923245558418,0.3208980007984613,readmission,Native,MCAR,20,122
0.6934754839343618,0.17097844112769486,0.45398502862175255,0.24840380677026863,0.6338467470304806,0.18522507913381756,0.2058217614825065,0.32002104206639015,readmission,Native,MCAR,20,132
0.6936720055026039,0.1698867421718854,0.44914134742404227,0.24652567975830816,0.6352964325441669,0.18980888711495886,0.20683942495132598,0.32290098436562586,readmission,Native,MCAR,20,142
0.6971111329468409,0.17796890506119747,0.47380008806693086,0.2587471444030299,0.6436765369762644,0.1936693447314487,0.20559658978774906,0.32131956551226554,readmission,Native,MCAR,20,152
0.6986833054927778,0.17392772711921647,0.45354469396741526,0.2514341511046015,0.6343177514573742,0.19369828110349174,0.20432453281134672,0.31814293038669944,readmission,Native,MCAR,20,162
0.6882185319838853,0.17078687994829536,0.46543372963452223,0.24988179669030733,0.6285411807626232,0.18406124454157424,0.20755291374321716,0.3220892753735751,readmission,Native,MCAR,20,172
0.6985359143165962,0.17005292812019807,0.4385733157199472,0.24507874015748032,0.6315427762482663,0.1890931406677921,0.2060624655965146,0.32053145817578443,readmission,Native,MCAR,20,182
0.69981330451017,0.17316533287927804,0.4478203434610304,0.24975442043222004,0.6364303862031755,0.19326680973820887,0.20519706985656058,0.319890989133607,readmission,Native,MCAR,20,192
0.7036454750908913,0.18013267562510632,0.4663143989431968,0.25987730061349695,0.6415125708445569,0.18943625614851006,0.20471225388282782,0.31987420028505503,readmission,Native,MCAR,20,202
0.699911565294291,0.17554540842212074,0.4570673712021136,0.2536656891495601,0.6367940525138098,0.19106782609242906,0.2051532519857569,0.3193300849276458,readmission,Native,MCAR,20,212
0.6936720055026039,0.171962926183383,0.4575077058564509,0.24996992662095513,0.6355442501506033,0.1868097173250507,0.2061981200735436,0.3211324438826092,readmission,Native,MCAR,20,222
0.701483737840228,0.17605993529712244,0.45530603258476443,0.2539292730844794,0.6348480743169378,0.193336383081413,0.20551939071404074,0.32044374836002776,readmission,Native,MCAR,20,232
0.7003046084307752,0.16951493181425858,0.432408630559225,0.2435515873015873,0.6194297745366278,0.17753169164282295,0.2072099132827565,0.3222083255532942,readmission,Native,MCAR,30,42
0.6916576594281222,0.1669715616164976,0.4420959929546455,0.2423949782713665,0.6243882451808095,0.1818277596644783,0.20769549959259356,0.3228876490379827,readmission,Native,MCAR,30,52
0.6931315711899381,0.16747532206792706,0.44077498899163364,0.24272550921435498,0.6277985923950214,0.1774857314919734,0.2069455981924758,0.32222456387810167,readmission,Native,MCAR,30,62
0.6929841800137565,0.1729694179546202,0.46323205636283576,0.25188555010175984,0.6285047033356368,0.1870089316491703,0.2085690433918084,0.3253963808902907,readmission,Native,MCAR,30,72
0.6944089613835118,0.1696503262506274,0.4464993394980185,0.24587778855480116,0.6258264980162781,0.18532774025886817,0.20764449117555928,0.3237386747522627,readmission,Native,MCAR,30,82
0.6938193966787854,0.17019150707743547,0.45002201673271686,0.24697921701304978,0.6252535856908941,0.1851500145695006,0.20751312725889887,0.32274618718567777,readmission,Native,MCAR,30,92
0.6949985260882382,0.16809981453380543,0.43901365037428447,0.24311143623506462,0.627156718739046,0.18590827269831833,0.20706558060169655,0.32277810037753973,readmission,Native,MCAR,30,102
0.689692443745701,0.17426316637139636,0.4764420959929547,0.25518867924528305,0.6395836747004426,0.18522741273881987,0.20682501850909338,0.32311849781035956,readmission,Native,MCAR,30,112
0.6939667878549671,0.17386288727752142,0.46455306032584764,0.25302794100011994,0.6313237777572095,0.1781459338979429,0.20835709609869552,0.32475352748332387,readmission,Native,MCAR,30,122
0.6910680947233959,0.16927383500740983,0.4526640246587406,0.2464046021093001,0.6264905917337524,0.178029007335938,0.20823312848264036,0.32374200667211156,readmission,Native,MCAR,30,132
0.6950967868723592,0.17115159618920275,0.45090268604139144,0.24812212260722075,0.6260784552506102,0.18511409270494023,0.20821773778582264,0.3248102905105558,readmission,Native,MCAR,30,142
0.6940159182470276,0.17129091211164646,0.45398502862175255,0.24873341375150784,0.6310156798633864,0.18712330012015607,0.20762922950030735,0.32382934528943,readmission,Native,MCAR,30,152
0.699715043726049,0.17564600574227326,0.4579480405107882,0.25390625,0.6287462384479727,0.18844055425459044,0.2060323374407058,0.3208402777982916,readmission,Native,MCAR,30,162
0.6841407094428613,0.16402714932126697,0.4469396741523558,0.2399810852346613,0.6202899892133472,0.17639601364940774,0.2091347075389997,0.32443705815270973,readmission,Native,MCAR,30,172
0.6965215682421145,0.1668372569089048,0.43064729194187584,0.24050165990409442,0.6212189825900157,0.17852701614596433,0.20899863944262775,0.3244423871480864,readmission,Native,MCAR,30,182
0.696374177065933,0.1648087806551192,0.4231616028181418,0.2372253764502592,0.6224701485953524,0.18068108995840254,0.20650733978283858,0.32107630384163677,readmission,Native,MCAR,30,192
0.6948511349120566,0.16519374575118967,0.42800528401585203,0.23838136112814223,0.622642953709244,0.1809777572067667,0.20718467659644907,0.32271487501524837,readmission,Native,MCAR,30,202
0.6943598309914513,0.16817876344086022,0.44077498899163364,0.24346345615955248,0.6286462542589161,0.1838795199447961,0.20655754708816745,0.3217897997740603,readmission,Native,MCAR,30,212
0.6917559202122433,0.16724854530340816,0.4429766622633201,0.2428192131305817,0.619753067299903,0.1776947209000892,0.2082363804158909,0.32329801890120197,readmission,Native,MCAR,30,222
0.693770266286725,0.16817420435510888,0.4420959929546455,0.24365975003033613,0.6232321079864307,0.17719511863617116,0.20786963932942096,0.3234278948554253,readmission,Native,MCAR,30,232
0.6884641839441878,0.159014745308311,0.4178775869660942,0.23036776307804346,0.6075222079469995,0.16483867749820677,0.21033379006331634,0.32653215198602004,readmission,Native,MCAR,40,42
0.6894467917853985,0.16584158415841585,0.4425363276089828,0.2412675549153763,0.6217629783970109,0.17702194202699137,0.20888277510166212,0.32503827687924297,readmission,Native,MCAR,40,52
0.6844354917952246,0.15866491285761264,0.424922941435491,0.23105471088231774,0.6105666364059867,0.16954165638954752,0.21020426903911738,0.3264189278466231,readmission,Native,MCAR,40,62
0.6892011398250958,0.16658444334813352,0.4460590048436812,0.24257662835249041,0.6152972083591359,0.1716462420474033,0.2109729821473557,0.3280667444725654,readmission,Native,MCAR,40,72
0.6891028790409748,0.15993294216261525,0.4200792602377807,0.23166585721223895,0.6108491051329853,0.17786714155331254,0.21082742089024836,0.328348386444505,readmission,Native,MCAR,40,82
0.6837967966984376,0.16513908988583373,0.4522236900044033,0.24193168433451118,0.6156974982012708,0.1733517059170161,0.21080473154389642,0.327100735354297,readmission,Native,MCAR,40,92
0.6891520094330352,0.1632348057123879,0.4328489652135623,0.23706740624623177,0.6182032514926463,0.1806606898798655,0.20953216134291897,0.32660733317683444,readmission,Native,MCAR,40,102
0.6805050604303823,0.16423357664233576,0.4557463672391017,0.24145573311559548,0.6217270975634565,0.17427976744177992,0.21090627203397525,0.3282603441525375,readmission,Native,MCAR,40,112
0.6860076643411614,0.15995378012545394,0.42668428005284015,0.23268099411694082,0.6121308922093738,0.16781675049750852,0.21177121281931582,0.3286439360133953,readmission,Native,MCAR,40,122
0.6839441878746192,0.16650641025641025,0.4575077058564509,0.24415462342850427,0.6215291259470342,0.1768450604430578,0.21025174260566015,0.3270661182246954,readmission,Native,MCAR,40,132
0.688562444728309,0.16557053600789215,0.4434169969176574,0.2411109780917036,0.6153699927578428,0.1755500759683033,0.21054457375731997,0.3275665504089376,readmission,Native,MCAR,40,142
0.6834528839540139,0.16147354754949692,0.4381329810656099,0.2359777066287205,0.6134888362636663,0.1760677326878914,0.21135546779082293,0.328573619533384,readmission,Native,MCAR,40,152
0.6919033113884249,0.1632996632996633,0.42712461470717744,0.23626842041164292,0.6119676447657705,0.17613032775638604,0.20939750067996482,0.3253969000435547,readmission,Native,MCAR,40,162
0.675002456519603,0.15698041692987996,0.4376926464112726,0.23108218063466232,0.611907754090421,0.17418439775227448,0.211496226255858,0.32814413115932733,readmission,Native,MCAR,40,172
0.6904785300186695,0.16205334675390035,0.42536327608982827,0.23469387755102042,0.6141637173644217,0.17654877729027516,0.21064889375175538,0.3274781856745543,readmission,Native,MCAR,40,182
0.6939176574629066,0.16375063699677256,0.4244826067811537,0.23633243442020102,0.6168231482537357,0.17618368886881008,0.2096545116436892,0.3268250713604946,readmission,Native,MCAR,40,192
0.687825488847401,0.16306321175111405,0.4350506384852488,0.23721488595438175,0.6113003489243651,0.17838641294319585,0.20998294750696794,0.32664154004204937,readmission,Native,MCAR,40,202
0.6804067996462612,0.1623604465709729,0.4482606781153677,0.23837958084533428,0.6156171894200948,0.17219755413130627,0.21122386568169163,0.327915868693076,readmission,Native,MCAR,40,212
0.6846320133634667,0.16100032690421706,0.4337296345222369,0.2348313267373942,0.6159624465619696,0.16960315322740374,0.21125177058313935,0.3283574239167739,readmission,Native,MCAR,40,222
0.6876780976712195,0.16220238095238096,0.4319682959048877,0.23584565452578435,0.616535078853702,0.17168822892416663,0.21103253107140485,0.328732509493983,readmission,Native,MCAR,40,232
0.6775572369067505,0.15531641503372953,0.42580361074416556,0.22760974461574673,0.6045598415233558,0.16386523351850243,0.2132768093722336,0.3315695502399122,readmission,Native,MCAR,50,42
0.6797681045494743,0.15953182619849288,0.4381329810656099,0.23389750822755054,0.6104839899525873,0.17399046909850896,0.21210120699986562,0.3301587223741632,readmission,Native,MCAR,50,52
0.6762307163211162,0.15857707509881422,0.44165565830030823,0.23336435551419266,0.6045385102643169,0.16272024327504042,0.2127243379569274,0.3299493574746626,readmission,Native,MCAR,50,62
0.6822737545445613,0.15819485174323883,0.42756494936151473,0.23094303722202403,0.5989197567954001,0.16421213678397734,0.2137824376302607,0.33206796711384867,readmission,Native,MCAR,50,72
0.6784907143559006,0.154120123037073,0.4191985909291061,0.22537878787878787,0.6034005022050458,0.17385951099029973,0.21259150984795191,0.3313889749775709,readmission,Native,MCAR,50,82
0.6678785496708264,0.153893600616808,0.43945398502862176,0.22795797167656465,0.6061503839638802,0.16641105904571507,0.2135061083157001,0.33125757658172367,readmission,Native,MCAR,50,92
0.6862041859094036,0.16129032258064516,0.43152796125055043,0.23481490355816462,0.6090010656619741,0.17136822410789737,0.21256657982181743,0.3318069640100822,readmission,Native,MCAR,50,102
0.668959418296158,0.15420343706456108,0.4385733157199472,0.2281786941580756,0.6106411497081087,0.1677536947080425,0.2132972223023141,0.33177239491904525,readmission,Native,MCAR,50,112
0.6807507123906849,0.15606183889340927,0.4222809335094672,0.22789923954372623,0.6036968021593663,0.16393358735584712,0.21396924592077549,0.33244535658745367,readmission,Native,MCAR,50,122
0.676672889849661,0.15331402831402832,0.4196389255834434,0.2245787675268057,0.606512601404751,0.17344056004982433,0.21243231327674714,0.3307084973707137,readmission,Native,MCAR,50,132
0.6763289771052373,0.15776121769462503,0.4381329810656099,0.2319888085800886,0.6055688758229245,0.16343769328659333,0.21367583881792418,0.3320336555623758,readmission,Native,MCAR,50,142
0.6673872457502211,0.15651244464803787,0.45134302069572874,0.23242630385487528,0.6083111966731612,0.1680795893414206,0.21452272769567363,0.3334284819881469,readmission,Native,MCAR,50,152
0.6806524516065638,0.1597747385358005,0.4372523117569353,0.23403252415743578,0.6032477621110719,0.17001858459272162,0.2120151652512063,0.32885513219085927,readmission,Native,MCAR,50,162
0.6664537683010711,0.15009293680297398,0.42668428005284015,0.22206943966998968,0.5996611276253855,0.163984823646539,0.21447803741492055,0.3327078005897281,readmission,Native,MCAR,50,172
0.6789820182765058,0.1543700340522134,0.4191985909291061,0.22564588765110216,0.5982435485786429,0.1652025496686036,0.21411418114319705,0.33138271744379577,readmission,Native,MCAR,50,182
0.6810454947430481,0.15666178623718888,0.4240422721268164,0.22879543834640056,0.6016245653116764,0.16624787092551244,0.21350887064530027,0.3323114940630695,readmission,Native,MCAR,50,192
0.6843372310111034,0.15861275476660092,0.424922941435491,0.23099940155595453,0.6028992541437614,0.17162742447504586,0.21250223693747475,0.3303150553920654,readmission,Native,MCAR,50,202
0.681978972192198,0.1583739837398374,0.4288859533245266,0.2313264457902862,0.6116101635462273,0.17087926496765252,0.21329301895647154,0.33262177689775707,readmission,Native,MCAR,50,212
0.6779994104352953,0.15543041029766694,0.42536327608982827,0.227669102050436,0.6011609026366094,0.16448630068814912,0.21363947668732813,0.3319628788741232,readmission,Native,MCAR,50,222
0.6808981035668664,0.15365693670055755,0.41259357111404665,0.22392161548572112,0.6057734221424751,0.16395389475069183,0.21391165648817942,0.3327588812373318,readmission,Native,MCAR,50,232
0.7016311290164096,0.18050420168067227,0.47291941875825627,0.26128208247171875,0.6478602762597723,0.19543180854991926,0.20458528242629798,0.31943117719997627,readmission,Native,MAR,10,42
0.6927385280534538,0.1783233726376999,0.4861294583883752,0.2609312219333491,0.6487644196936904,0.19779224631284875,0.205533645946761,0.3208109078610547,readmission,Native,MAR,10,52
0.698142871180112,0.17890897032001327,0.47512109202994274,0.2599373644904842,0.6446911232473638,0.19654053270999222,0.20488634096281128,0.31930652306975843,readmission,Native,MAR,10,62
0.6932789623661196,0.17227722772277226,0.45970937912813736,0.25063017644940583,0.6410725405746237,0.19749655625220594,0.20469869712162808,0.31864766706792613,readmission,Native,MAR,10,72
0.7018767809767122,0.17816579081200204,0.46279172170849847,0.2572827417380661,0.6474140608987478,0.19895070966388645,0.20366513012679208,0.3182258393311297,readmission,Native,MAR,10,82
0.6949985260882382,0.17478936064761275,0.4658740642888595,0.2542047092743873,0.6455318816729737,0.19596208534872542,0.20479107470520116,0.31939563750371464,readmission,Native,MAR,10,92
0.6977006976515673,0.1765,0.4663143989431968,0.25607544432354007,0.6438764931790011,0.19622157570117454,0.2043944550378142,0.31861926686691144,readmission,Native,MAR,10,102
0.7002554780387148,0.17858341725411211,0.46851607221488334,0.2585976424838984,0.6465221658932503,0.19894860263502218,0.20457688743772312,0.3192627047227656,readmission,Native,MAR,10,112
0.6921489633487276,0.1763085399449036,0.47908410391897843,0.257758824923004,0.6472563776020515,0.19961478931696477,0.2043259668776739,0.3188854638617781,readmission,Native,MAR,10,122
0.6984867839245357,0.17772590863621207,0.4693967415235579,0.2578304510823558,0.6449308198778989,0.20064369815871314,0.20441706458075087,0.31910704130465517,readmission,Native,MAR,10,132
0.6980937407880515,0.17909211398277006,0.4760017613386173,0.2602624292765138,0.6439239527952874,0.20027297465734467,0.20489468446924827,0.3194048232529332,readmission,Native,MAR,10,142
0.6977989584356883,0.17806173249253235,0.472479084103919,0.25864770398939374,0.6451414417101553,0.19408796729696443,0.20448669622696522,0.3185501235001059,readmission,Native,MAR,10,152
0.6991746094133832,0.17575757575757575,0.45970937912813736,0.2542930215564487,0.6414680089677977,0.19840099691901714,0.20380693446325282,0.3175370438318889,readmission,Native,MAR,10,162
0.6961776554976908,0.17580778790389395,0.4671950682518714,0.2554779677341681,0.6468805602660057,0.19987827376571277,0.2050490629767332,0.319966266990525,readmission,Native,MAR,10,172
0.7030067799941043,0.18081867388362652,0.4707177454865698,0.26127337162409875,0.6483112400175005,0.19680795698341202,0.20416342610872057,0.31881038521143684,readmission,Native,MAR,10,182
0.6961285251056304,0.17833662064431297,0.47776309995596655,0.2597247157390784,0.6457916311480505,0.20205158507196896,0.20508458302654756,0.31990408402280746,readmission,Native,MAR,10,192
0.6982411319642331,0.17918117023039948,0.4760017613386173,0.2603564547206166,0.6484470685139829,0.19834335989810115,0.2035371747525003,0.3177971368644764,readmission,Native,MAR,10,202
0.6963250466738724,0.17781806196440342,0.47512109202994274,0.258784026861734,0.6463922181034548,0.20024253934752864,0.20450831235478736,0.31922197845896516,readmission,Native,MAR,10,212
0.6966689594182962,0.17588440458395616,0.4663143989431968,0.25542691751085383,0.6427743050764038,0.19679909017918262,0.2047380458834357,0.31870937167608376,readmission,Native,MAR,10,222
0.6966198290262356,0.17714191200793913,0.4715984147952444,0.25754478778405676,0.6408593740887493,0.1925126747633153,0.2048154852538818,0.3186427654526997,readmission,Native,MAR,10,232
0.6960302643215093,0.17550546900894928,0.4663143989431968,0.2550270921131848,0.6402260475468408,0.18988768261762276,0.2054342503685344,0.3203696231153222,readmission,Native,MAR,20,42
0.6921489633487276,0.1741967052683086,0.4702774108322325,0.25422518447988574,0.6379281157512038,0.19755237403516773,0.20607430197067794,0.3213613595767025,readmission,Native,MAR,20,52
0.6957354819691461,0.1750082863771959,0.46499339498018494,0.2543046357615894,0.6438867691964835,0.19447604347910888,0.2051721588767263,0.3206782487972471,readmission,Native,MAR,20,62
0.691264616291638,0.17133497133497133,0.46059004843681195,0.24976122254059216,0.6379786922637879,0.19105824323394185,0.2055837804493191,0.32006244423336255,readmission,Native,MAR,20,72
0.6964233074579935,0.17400734067400733,0.45926904447380007,0.25238959467634603,0.6426660903330607,0.19460088217017918,0.20485302970596153,0.31995084542014973,readmission,Native,MAR,20,82
0.6959320035373883,0.1705348133198789,0.4464993394980185,0.24680540343190946,0.6327465191634454,0.18910894993065314,0.20526912481636192,0.31916419702184984,readmission,Native,MAR,20,92
0.6917067898201827,0.1718032786885246,0.4614707177454866,0.25038824513200336,0.6379960787009498,0.18550961579528455,0.20501276598232657,0.3187893920113088,readmission,Native,MAR,20,102
0.6991746094133832,0.17422192151556157,0.45354469396741526,0.25174141512892584,0.6323339808928901,0.18971749758407616,0.20585065329393026,0.32008505858158076,readmission,Native,MAR,20,112
0.6866954898300088,0.17277653809372012,0.47732276530162926,0.2537156231714453,0.6386830864763641,0.18913906433082456,0.20678705626550953,0.32176808110137484,readmission,Native,MAR,20,122
0.6913137466836985,0.17211507028440667,0.46367239101717306,0.25104303254261534,0.6360475071489546,0.1946877742875791,0.2053957438790884,0.31983820354395587,readmission,Native,MAR,20,132
0.6957846123612066,0.17363076410854003,0.45926904447380007,0.2519932350809374,0.6398617724673981,0.18955918148884424,0.20613576309490167,0.3212553009513824,readmission,Native,MAR,20,142
0.6940159182470276,0.17183612539392934,0.456186701893439,0.24963855421686748,0.6357714913713232,0.1916821131035749,0.20540177859641143,0.31967126775576526,readmission,Native,MAR,20,152
0.695538960400904,0.17402856193955496,0.4614707177454866,0.2527432774629205,0.6360123933640985,0.19559030939100025,0.20530690089947018,0.3196200170336695,readmission,Native,MAR,20,162
0.6943598309914513,0.1713810316139767,0.45354469396741526,0.24876222678420482,0.638716398305548,0.19133469933855196,0.2060798277130463,0.32124767053447373,readmission,Native,MAR,20,172
0.6959320035373883,0.1744765702891326,0.4623513870541612,0.2533478103510677,0.6373796515811564,0.19056351768872107,0.20592117957264794,0.32085796759898616,readmission,Native,MAR,20,182
0.689495922177459,0.17278163892031678,0.4707177454865698,0.252778434618113,0.6384543598597523,0.19587213330984246,0.2059848789658896,0.3206591540679425,readmission,Native,MAR,20,192
0.6994693917657463,0.17767348307073416,0.4667547335975341,0.2573752579822751,0.6427909609909958,0.19353525259543367,0.20387831639263607,0.31830882603701405,readmission,Native,MAR,20,202
0.6918541809963643,0.17091626912321106,0.4575077058564509,0.2488622754491018,0.6396376237922239,0.19431186026660757,0.2054674341643855,0.32068390597982727,readmission,Native,MAR,20,212
0.6927876584455144,0.17264057875698782,0.4623513870541612,0.25140668023464624,0.6370282336989428,0.19223543334020604,0.20559767321913006,0.3203258956680483,readmission,Native,MAR,20,222
0.6993220005895647,0.17725976857286602,0.46543372963452223,0.25674034491134323,0.6416927420610277,0.18835954798565346,0.2042270494196607,0.31813013902538195,readmission,Native,MAR,20,232
0.6922963545249091,0.16788685524126457,0.444297666226332,0.24369037555850742,0.6273557617885706,0.18239122062847843,0.206969916271286,0.32207933006925477,readmission,Native,MAR,30,42
0.6850741868920114,0.16797689716027595,0.4610303830911493,0.2462370649106303,0.6284443621713691,0.18706154763866073,0.20745377641572116,0.32263713393942767,readmission,Native,MAR,30,52
0.6796698437653532,0.16474672557992742,0.45970937912813736,0.2425650557620818,0.6238286892430771,0.18103523478332456,0.2089442014785693,0.32470088743549724,readmission,Native,MAR,30,62
0.6877763584553405,0.17043253712072304,0.46499339498018494,0.2494389984646274,0.6319621449048498,0.18560836192469535,0.20704932163960668,0.3221217625544472,readmission,Native,MAR,30,72
0.686892011398251,0.16823034616628924,0.4579480405107882,0.24606648527150124,0.6313956246519516,0.18316395454365658,0.207202068917993,0.32290546553661675,readmission,Native,MAR,30,82
0.6797681045494743,0.1660638465167479,0.46499339498018494,0.2447276940903824,0.6286326421883651,0.17774054867923547,0.20945494964181097,0.32578489767131097,readmission,Native,MAR,30,92
0.6816841898398349,0.1684525685471163,0.4707177454865698,0.2481141928745503,0.6304260020450249,0.18106455461600718,0.20689169361943913,0.32155531532150994,readmission,Native,MAR,30,102
0.6858602731649799,0.1673390350169437,0.4566270365477763,0.2449220595181861,0.6231991248924033,0.17801183293796774,0.20814381129789997,0.3223753438205906,readmission,Native,MAR,30,112
0.6815367986636534,0.16679854407342934,0.46411272567151035,0.24540162980209546,0.6319283947621239,0.18512968024242696,0.2074269645509109,0.322712497570267,readmission,Native,MAR,30,122
0.6938193966787854,0.17269872748306064,0.46014971378247466,0.2511415525114155,0.6350698974952645,0.18692355850909864,0.20641592420031188,0.3218947530449479,readmission,Native,MAR,30,132
0.6908224427630932,0.1679326287978864,0.4478203434610304,0.24426564188783476,0.6319287234972804,0.1892109646688068,0.20701013475389018,0.32223345951333754,readmission,Native,MAR,30,142
0.6902820084504274,0.17312368293078295,0.4702774108322325,0.25308056872037915,0.6364644042041769,0.19072685434863884,0.20679975181648155,0.32262749523231904,readmission,Native,MAR,30,152
0.6869411417903115,0.16718065249147865,0.45354469396741526,0.24430740037950663,0.6295940585917577,0.1791294811947784,0.2072449452487413,0.3222390130452151,readmission,Native,MAR,30,162
0.684484622187285,0.1659423788829873,0.45398502862175255,0.24304573314474304,0.6287683245803336,0.18774811813184233,0.20816022351969884,0.3240184366203009,readmission,Native,MAR,30,172
0.6846320133634667,0.17016539440203562,0.4711580801409071,0.2500292090197453,0.6344266236710303,0.18619576134920618,0.20770102470357388,0.3233381920130194,readmission,Native,MAR,30,182
0.684386361403164,0.16834371506149176,0.46411272567151035,0.24706985466479137,0.6300520353661561,0.1892993687515615,0.2070521237892744,0.32259188578377607,readmission,Native,MAR,30,192
0.6926402672693328,0.17244780535919776,0.4619110523998239,0.2511371797941106,0.633436144644735,0.18989731187896028,0.20570949426642135,0.320460347127262,readmission,Native,MAR,30,202
0.6837476663063772,0.16250810110174985,0.44165565830030823,0.23759327253345966,0.6264921745326537,0.17780352499785662,0.2073956199292442,0.32212194496518837,readmission,Native,MAR,30,212
0.6911663555075169,0.16943849827103574,0.45310435931307796,0.24664429530201343,0.6337665356523139,0.18974042180050493,0.20583095317871744,0.32071402481169314,readmission,Native,MAR,30,222
0.6892011398250958,0.16702249958942356,0.4478203434610304,0.24330143540669857,0.626826242503834,0.18166857466023653,0.20724231690722775,0.3220378975801692,readmission,Native,MAR,30,232
0.6762798467131768,0.16276163698844112,0.4588287098194628,0.24028594488642915,0.6183759105020241,0.1748324609579685,0.21012502741808825,0.3259625340075873,readmission,Native,MAR,40,42
0.6699420261373685,0.15871066768994627,0.45530603258476443,0.23537445936717505,0.6207385178958427,0.18484526941900703,0.2092405032957462,0.325023002893983,readmission,Native,MAR,40,52
0.668959418296158,0.16102595234481712,0.4671950682518714,0.23950338600451468,0.6199343343002286,0.17586659533735005,0.2116551602962156,0.32883377277899134,readmission,Native,MAR,40,62
0.6639481183059841,0.1562076749435666,0.4570673712021136,0.23283983849259757,0.620849946938493,0.1740866794511489,0.2105565275006569,0.32623515085851534,readmission,Native,MAR,40,72
0.6748550653434214,0.16202767843259214,0.4588287098194628,0.2394851758216502,0.6263325675265234,0.1737155349416172,0.2092681192840507,0.32593591807237526,readmission,Native,MAR,40,82
0.6725459369165766,0.16272643536997236,0.4667547335975341,0.24132043255549232,0.6217228483571753,0.17282992846365777,0.21077837368781335,0.3277640747658816,readmission,Native,MAR,40,92
0.6708755035865186,0.16115702479338842,0.46367239101717306,0.23918228279386713,0.620124440623649,0.17513850427220973,0.2096882756401941,0.32518735231272167,readmission,Native,MAR,40,102
0.6743146310307556,0.16290222772277227,0.46367239101717306,0.24109902690326274,0.6176567597335375,0.17448782289990483,0.2103615403983879,0.32643866131185223,readmission,Native,MAR,40,112
0.6698437653532475,0.16331163917057667,0.47512109202994274,0.24307276413606668,0.6234682615825022,0.17423406151784604,0.21037861763623966,0.3263280280267512,readmission,Native,MAR,40,122
0.6771150633782057,0.16053670086819258,0.4478203434610304,0.2363467348361608,0.6206566506665179,0.17943839906686443,0.20865251796737055,0.3238996853130417,readmission,Native,MAR,40,132
0.6767220202417216,0.16267418193204947,0.4575077058564509,0.24000924000924,0.6208865339438651,0.17845906408206824,0.21010432791411918,0.32642756868913364,readmission,Native,MAR,40,142
0.6783924535717795,0.16449536964369801,0.4614707177454866,0.24253644989585743,0.6263938583701316,0.18407423838615689,0.20917266616900865,0.3249413994136073,readmission,Native,MAR,40,152
0.6748550653434214,0.16401298500541042,0.4671950682518714,0.24279176201372998,0.6211816407113215,0.18269896694524687,0.20961813896728854,0.3256408106006731,readmission,Native,MAR,40,162
0.6773115849464478,0.1665373273319882,0.472479084103919,0.24627036952031214,0.6234354489437411,0.17856435034084156,0.20981026982676163,0.32604579118045574,readmission,Native,MAR,40,172
0.6764763682814189,0.16254693366708386,0.4575077058564509,0.23987071453307168,0.6208038509643372,0.1772455509782494,0.2103786258787871,0.3263654106856564,readmission,Native,MAR,40,182
0.6694998526088238,0.16150106350653298,0.468075737560546,0.24014458375691855,0.6219090829109756,0.18269558137407327,0.21044437047767608,0.32714474483353684,readmission,Native,MAR,40,192
0.6770168025940847,0.16409055425448868,0.46279172170849847,0.24227754725680037,0.6197583635885343,0.18180111651318656,0.20976051464663847,0.3255687396513247,readmission,Native,MAR,40,202
0.6709737643706397,0.15869833436150524,0.45310435931307796,0.23506567675613935,0.6202629111767591,0.18013568719654968,0.20980267250410609,0.3264752721196719,readmission,Native,MAR,40,212
0.6830107104254692,0.16535937249879942,0.45486569793042714,0.24254519840338107,0.6210834584779372,0.18270765159928928,0.2082874692072003,0.32326240386710287,readmission,Native,MAR,40,222
0.680210278078019,0.16193363114231016,0.4469396741523558,0.2377327555919897,0.6187648407181982,0.17100537932155963,0.21011878672066645,0.3257414510516986,readmission,Native,MAR,40,232
0.6465068291244964,0.1527503526093089,0.47688243064729197,0.23138553573336182,0.6092074626387017,0.16833408295157432,0.2143739836448166,0.3317338927600734,readmission,Native,MAR,50,42
0.6478824801021912,0.15296285795293452,0.47512109202994274,0.23142091152815014,0.6094963234381859,0.16920237479930755,0.21367315176717638,0.3303676933508451,readmission,Native,MAR,50,52
0.650093347744915,0.15364843638440667,0.47380008806693086,0.232046581841708,0.611374484789826,0.16914985435142632,0.21338615276503356,0.3303019992602332,readmission,Native,MAR,50,62
0.6601159477252628,0.15995902239133616,0.4812857771906649,0.24011423550087874,0.622628440660857,0.1733349020670338,0.21173512454504623,0.3289659529455117,readmission,Native,MAR,50,72
0.6535816055812126,0.15896118721461186,0.4905328049317481,0.24011208104321585,0.6200515709973091,0.17053373115937162,0.21171219659823365,0.3290532400467909,readmission,Native,MAR,50,82
0.6456224820674069,0.15498464116168667,0.48877146631439894,0.23534400508851902,0.6123345132003358,0.16629410401767614,0.21499093289217816,0.3326664001139065,readmission,Native,MAR,50,92
0.6498968261766729,0.15197132616487455,0.4667547335975341,0.22928834090417477,0.6073816067030609,0.1677924571568724,0.2124452765383114,0.32852663169351876,readmission,Native,MAR,50,102
0.6609020339982313,0.15352386652700883,0.45178335535006603,0.229171320080411,0.606367288290237,0.1636294028610481,0.2133466964107332,0.3297649014291307,readmission,Native,MAR,50,112
0.6516163898987913,0.15561589025435837,0.4795244385733157,0.23497680440176935,0.6138775716738217,0.16973161563525982,0.2130997173501055,0.32975755737931745,readmission,Native,MAR,50,122
0.6513216075464282,0.15190421234852855,0.46367239101717306,0.22883842225361295,0.6057035233079192,0.16617970494556217,0.21266986150424796,0.32828254680950636,readmission,Native,MAR,50,132
0.6589859487078706,0.15862573099415206,0.47776309995596655,0.23817363626385687,0.6160267568988664,0.17827787617455837,0.2128762740651121,0.3304329522124638,readmission,Native,MAR,50,142
0.652598997740002,0.15616045845272206,0.479964773227653,0.23565019997838071,0.6146560165242257,0.17375312998409703,0.21293549845624737,0.32971204935675635,readmission,Native,MAR,50,152
0.6573646457698732,0.1589557650471356,0.4826067811536768,0.2391446650665503,0.6137964958439475,0.17472592382976307,0.2129629053274742,0.33054605156470224,readmission,Native,MAR,50,162
0.6482263928466149,0.15242428551116166,0.4720387494495817,0.23043852106620807,0.6126179924835559,0.1722871423336379,0.21315745791588686,0.3305289737768219,readmission,Native,MAR,50,172
0.6511742163702466,0.1545285448562026,0.47556142668428003,0.23326133909287258,0.6127185367399159,0.17095413667550818,0.21314445936344775,0.32984682702943224,readmission,Native,MAR,50,182
0.6453768301071042,0.15516520284399832,0.4900924702774108,0.23570520965692504,0.612647298613982,0.1687991451768801,0.21387035674029267,0.3314803384871852,readmission,Native,MAR,50,192
0.6555959516556942,0.15594598518948743,0.47291941875825627,0.23454902817208997,0.612840874919609,0.17519143127583459,0.2121790784007314,0.32874295516039337,readmission,Native,MAR,50,202
0.6495529134322492,0.15527509926262054,0.4821664464993395,0.2349029282419822,0.6155056995005637,0.17621699134970958,0.21342158131633038,0.33126181259515586,readmission,Native,MAR,50,212
0.6551046477350889,0.15661605206073753,0.47688243064729197,0.2357935989549314,0.6145500055239682,0.17412875199452044,0.2133824223459567,0.3304998449746208,readmission,Native,MAR,50,222
0.659575513412597,0.1600992410974898,0.48304711580801407,0.240491066535131,0.6179236318036703,0.17189215533038266,0.21249152930571386,0.32945023556583536,readmission,Native,MAR,50,232
0.6960793947135698,0.1752115480338477,0.46499339498018494,0.2545191612436732,0.641534291715633,0.1971906188572255,0.20490380316782394,0.3189568803394469,readmission,Native,MNAR,10,42
0.6987324358848384,0.1794786651170513,0.4760017613386173,0.26067036411864,0.6487141232147582,0.19083104560034148,0.205140002977519,0.32006531880235606,readmission,Native,MNAR,10,52
0.6979463496118699,0.17772236076475478,0.4707177454865698,0.258025585324644,0.6477286360926899,0.2012036857890945,0.20460477785683973,0.3197635389308781,readmission,Native,MNAR,10,62
0.6976515672595067,0.17977898730001649,0.479964773227653,0.26157907367410604,0.6495352184078635,0.19499084803018077,0.204708543600309,0.31941254209067055,readmission,Native,MNAR,10,72
0.6976515672595067,0.17342304457527333,0.45398502862175255,0.2509737098344693,0.6378135698122555,0.1926630051199361,0.20495784419821578,0.3183505728821061,readmission,Native,MNAR,10,82
0.695538960400904,0.17660626029654036,0.4720387494495817,0.25704351996163527,0.6442609185059945,0.19330033051388482,0.20522822916231084,0.319899340815695,readmission,Native,MNAR,10,92
0.6953424388326619,0.17380478087649404,0.4610303830911493,0.2524412296564195,0.6406021936180428,0.19514169206014037,0.20510142275979035,0.3192810613068638,readmission,Native,MNAR,10,102
0.6982411319642331,0.17519718073502266,0.45970937912813736,0.25370595382746053,0.6458410022983945,0.1957847897063411,0.20430111977629417,0.31858818453302007,readmission,Native,MNAR,10,112
0.6917067898201827,0.1707236842105263,0.4570673712021136,0.24859298287630224,0.6362382344165595,0.1861380155098301,0.20573531279656448,0.3194681772012496,readmission,Native,MNAR,10,122
0.6933772231502408,0.17713077423552376,0.4795244385733157,0.25870055826107613,0.644754873516957,0.1944055985863715,0.20502835333729963,0.3191612712395406,readmission,Native,MNAR,10,132
0.7041367790114965,0.1794565031618527,0.4623513870541612,0.25855700566362966,0.6407740003510892,0.19653907875099663,0.2043547544478426,0.3178612689833645,readmission,Native,MNAR,10,142
0.6980937407880515,0.17716666666666667,0.468075737560546,0.2570426792407206,0.6476660181330799,0.19529602121676895,0.204835516445395,0.3196405876964884,readmission,Native,MNAR,10,152
0.697209393730962,0.1795125164690382,0.479964773227653,0.2612968956011027,0.6459512259788047,0.1949037883107081,0.20415346943475943,0.31859068049509043,readmission,Native,MNAR,10,162
0.6949493956961776,0.1729235880398671,0.4583883751651255,0.2511156675913641,0.6392589939442844,0.19669687317854817,0.20590434985608153,0.3205369659082248,readmission,Native,MNAR,10,172
0.7017785201925911,0.18315262718932443,0.48348745046235136,0.2656665860150012,0.6519772092542696,0.19848949669451882,0.20370955759146084,0.3185276049522832,readmission,Native,MNAR,10,182
0.6932298319740592,0.17354149548069023,0.46499339498018494,0.2527525131641934,0.6460076710226998,0.19769500159031766,0.20445321335162825,0.3185309120264921,readmission,Native,MNAR,10,192
0.6965706986341751,0.17376775271512113,0.4579480405107882,0.25193798449612403,0.6415470028083479,0.19426468782783793,0.20519068321507325,0.31947846855784107,readmission,Native,MNAR,10,202
0.6933280927581802,0.1752003926059218,0.4715984147952444,0.25548664122137404,0.6458551379101206,0.19779302887822503,0.2045933002218386,0.3187435790142353,readmission,Native,MNAR,10,212
0.7003537388228358,0.17788623359138336,0.46543372963452223,0.25739680993546815,0.6415668730222471,0.1955635659210932,0.20432119803760987,0.31814878977343936,readmission,Native,MNAR,10,222
0.699076348629262,0.17765138842422215,0.4676354029062087,0.25748575584919386,0.6465014555783959,0.19449328159823465,0.2032942646305783,0.3170536580760282,readmission,Native,MNAR,10,232
0.6935246143264223,0.16680665210818074,0.4372523117569353,0.24148832684824903,0.6279836581127101,0.1815114820504078,0.20692449100305507,0.32142114728964466,readmission,Native,MNAR,20,42
0.6950967868723592,0.17104163183414145,0.45046235138705415,0.24793989335918565,0.6329473032917615,0.18214506080839626,0.20582872966586938,0.31997550042506995,readmission,Native,MNAR,20,52
0.6988306966689595,0.171350706864248,0.4429766622633201,0.24711373126995825,0.6368723645332949,0.19253806128703665,0.20493735787673753,0.31980180184070345,readmission,Native,MNAR,20,62
0.6910680947233959,0.169817524247904,0.45486569793042714,0.2473066794350012,0.6318809838473425,0.18394482990676586,0.20684102117453254,0.32197191217822524,readmission,Native,MNAR,20,72
0.6965706986341751,0.17420323710996163,0.45970937912813736,0.2526621490803485,0.6355192662787154,0.18344342605036043,0.20532295606140555,0.3198925529787743,readmission,Native,MNAR,20,82
0.6886115751203694,0.16864917712237248,0.4557463672391017,0.2461941008563273,0.630929161640367,0.18502064669180468,0.20561817604091373,0.31919975403520223,readmission,Native,MNAR,20,92
0.6929841800137565,0.1691616766467066,0.4478203434610304,0.24556320173850055,0.6258658610074155,0.1805523961465948,0.2069828293515228,0.32098977945849677,readmission,Native,MNAR,20,102
0.6904785300186695,0.17110204081632652,0.4614707177454866,0.24964268699380657,0.6339178147011482,0.18790062071006547,0.20703563327808558,0.3225022098621474,readmission,Native,MNAR,20,112
0.6957354819691461,0.17316666666666666,0.4575077058564509,0.25123926973763755,0.6335558042416721,0.1825847251453813,0.2060500428902344,0.32031845624026123,readmission,Native,MNAR,20,122
0.696374177065933,0.17068239258635215,0.4460590048436812,0.24689251766999756,0.6309964914705524,0.18407332606002408,0.2047846516989785,0.3183241358629564,readmission,Native,MNAR,20,132
0.695637221185025,0.17223521550283996,0.45398502862175255,0.24972750393605425,0.6375412796997298,0.19229275563994513,0.20543932789410366,0.32073508667913064,readmission,Native,MNAR,20,142
0.6958337427532671,0.17256932843301034,0.45486569793042714,0.2502119413830689,0.6333372562395333,0.18783321565061345,0.20569271618764326,0.3203418431361579,readmission,Native,MNAR,20,152
0.7007959123513806,0.1724137931034483,0.4425363276089828,0.24814814814814815,0.6392248785402738,0.19227322122338592,0.20452812315307614,0.31934851032986594,readmission,Native,MNAR,20,162
0.6908715731551538,0.17207633338770184,0.46455306032584764,0.25113068317067366,0.6328916861734456,0.1866456195186569,0.20767909143850183,0.323181272392026,readmission,Native,MNAR,20,172
0.7008450427434411,0.1834162520729685,0.48701012769704977,0.26647391880496324,0.6473352131627116,0.1948419638447279,0.2044184376555706,0.31972686869521566,readmission,Native,MNAR,20,182
0.6899380957060037,0.1672158154859967,0.4469396741523558,0.24337609399352594,0.6272996820059604,0.18485693291917904,0.2074114337591351,0.32214043815509974,readmission,Native,MNAR,20,192
0.6913137466836985,0.1729703293120313,0.4671950682518714,0.2524687685901249,0.6323821466809937,0.18198414921572115,0.20545625911235824,0.318674649778595,readmission,Native,MNAR,20,202
0.6966689594182962,0.17480419930011665,0.4619110523998239,0.2536266924564797,0.6330786147236873,0.18407581048151866,0.2056574223145339,0.32025333319415367,readmission,Native,MNAR,20,212
0.6948511349120566,0.17340848806366047,0.46059004843681195,0.25195712393110925,0.6373280036354699,0.18772870829119742,0.20605607010194704,0.3208060695483097,readmission,Native,MNAR,20,222
0.6987815662768989,0.17365573216097396,0.4522236900044033,0.25094685400122174,0.6323122478464377,0.18533365146609193,0.20542362054439273,0.31933822597105116,readmission,Native,MNAR,20,232
0.6985850447086568,0.17375886524822695,0.45310435931307796,0.25119004027828634,0.6331690412424552,0.18647057773156397,0.20638045841105992,0.323041549529538,readmission,Native,MNAR,30,42
0.6895450525695195,0.1637873754152824,0.4341699691765742,0.2378482692075745,0.6175338249604123,0.1751875210161127,0.20782709205905464,0.32206034306222636,readmission,Native,MNAR,30,52
0.6944580917755724,0.16666666666666666,0.4346103038309115,0.24093738557305017,0.6217505960394524,0.17662670055225152,0.20723226108362514,0.32240325729707214,readmission,Native,MNAR,30,62
0.6871867937506141,0.16326866162446563,0.4372523117569353,0.2377588890219083,0.6240896197296419,0.18326041471585844,0.20826603794397558,0.3243169502577625,readmission,Native,MNAR,30,72
0.693868527070846,0.17032967032967034,0.45046235138705415,0.24719101123595505,0.6223551643428622,0.17250474431047325,0.20786912433357052,0.322527103741379,readmission,Native,MNAR,30,82
0.6936228751105434,0.16596461668070767,0.4337296345222369,0.2400682427492079,0.6234813014103737,0.17452604549112727,0.20805788084630186,0.3237395536425752,readmission,Native,MNAR,30,92
0.6866463594379483,0.164625183733464,0.4438573315719947,0.24017155110793423,0.6240341974173446,0.17336719188238808,0.20806858471654285,0.323326044089904,readmission,Native,MNAR,30,102
0.6883659231600668,0.16568144499178983,0.444297666226332,0.2413586891520153,0.6237368869068025,0.1767682253604052,0.20848783889215505,0.32366230574182,readmission,Native,MNAR,30,112
0.6828633192492876,0.16549408378637673,0.4557463672391017,0.24281524926686218,0.6231005652223578,0.18393342189556516,0.20806533745600111,0.32294863028532517,readmission,Native,MNAR,30,122
0.6905767908027906,0.16592002654720425,0.44033465433729635,0.24102193299590263,0.6239611208096099,0.18078616844138024,0.2085490297868697,0.32470488466979125,readmission,Native,MNAR,30,132
0.6857128819887983,0.16542328900421668,0.44914134742404227,0.24179210619888586,0.623532267534995,0.1792320736857151,0.20765066861252557,0.32253903863330924,readmission,Native,MNAR,30,142
0.696275916281812,0.17359372391921216,0.4579480405107882,0.25175502299685304,0.6332688793269978,0.1823077152250986,0.20641356542527112,0.3221948004111837,readmission,Native,MNAR,30,152
0.6917559202122433,0.17107641741988497,0.4583883751651255,0.249162278602202,0.6335564251858565,0.18642067805506338,0.2072168180663218,0.3240396634993934,readmission,Native,MNAR,30,162
0.6895450525695195,0.1662269129287599,0.4438573315719947,0.24187162567486503,0.6286292939599201,0.18110879406308375,0.20778985931212135,0.3240703867430466,readmission,Native,MNAR,30,172
0.6961776554976908,0.17012308211094251,0.444297666226332,0.2460375518166301,0.62541361883519,0.17494087963330573,0.2075189085189902,0.3230403338677847,readmission,Native,MNAR,30,182
0.6825685368969244,0.16318327974276528,0.4469396741523558,0.23907666941467437,0.616530841822797,0.16822054814196288,0.2095965015778676,0.32444311941892323,readmission,Native,MNAR,30,192
0.6921489633487276,0.16923331677430037,0.45002201673271686,0.24596871239470516,0.6253700918654047,0.18374782675649895,0.20742480123355944,0.32305143486938653,readmission,Native,MNAR,30,202
0.6933772231502408,0.1683929168058804,0.4438573315719947,0.24415647329538573,0.6209042734669357,0.1768294834394555,0.20866998413045368,0.3243520622407687,readmission,Native,MNAR,30,212
0.6924928760931512,0.16554847366655484,0.4346103038309115,0.23976679217782096,0.6234291908003929,0.17542800074685572,0.20721588535149352,0.32241223587190476,readmission,Native,MNAR,30,222
0.68959418296158,0.1673516357060661,0.4482606781153677,0.24371558534833612,0.6238806293977914,0.1772455266112815,0.20841764439949695,0.32477368526998973,readmission,Native,MNAR,30,232
0.6804067996462612,0.16095451633568225,0.4425363276089828,0.2360540223135643,0.6143220703068071,0.17506996196317248,0.21042536167130785,0.3268090609120276,readmission,Native,MNAR,40,42
0.6949493956961776,0.17040508871777704,0.4482606781153677,0.24693753790175865,0.6261449815059689,0.17727409161848473,0.20880661693873237,0.32582541907489315,readmission,Native,MNAR,40,52
0.6797681045494743,0.1610534716679968,0.444297666226332,0.23641049671977507,0.6125136008083281,0.1731281181247466,0.21120245691382827,0.3279779754462664,readmission,Native,MNAR,40,62
0.6829124496413481,0.1566245279921195,0.4200792602377807,0.22817507773259985,0.604446074808482,0.1630625825082294,0.21044018478012802,0.32572011530862016,readmission,Native,MNAR,40,72
0.6829615800334087,0.1645813282001925,0.45178335535006603,0.24126984126984127,0.6219514532200254,0.17639178789981258,0.20922439013566915,0.3261940511095626,readmission,Native,MNAR,40,82
0.6797189741574138,0.15994236311239193,0.43989431968295906,0.2345896442409299,0.6118188616690498,0.170635711716183,0.21055130597687235,0.3271609039612425,readmission,Native,MNAR,40,92
0.679178539844748,0.16416968932345055,0.4583883751651255,0.24175568973525313,0.6161060185976923,0.17469586706933732,0.21127285057572406,0.3283390801491825,readmission,Native,MNAR,40,102
0.6836002751301955,0.15833469922963447,0.42536327608982827,0.23076923076923078,0.609600958620937,0.17472939991364655,0.21030334025650899,0.32676546139005846,readmission,Native,MNAR,40,112
0.6793259310209295,0.15688487584650113,0.4284456186701893,0.2296707187536882,0.6133494890834725,0.16726487771783827,0.21163658365128588,0.3287292214448541,readmission,Native,MNAR,40,122
0.6848776653237693,0.16550944614887778,0.45134302069572874,0.2422022684310019,0.6192146721659432,0.17816293105443815,0.20926394479493673,0.3258571835736066,readmission,Native,MNAR,40,132
0.6779011496511742,0.16040576953558408,0.4456186701893439,0.2358974358974359,0.6167146169506122,0.17215645104484945,0.21035465997377972,0.32716086538470285,readmission,Native,MNAR,40,142
0.6792276702368085,0.16120305537873966,0.4460590048436812,0.23682057276446522,0.6148341179267487,0.1734115430383387,0.21003322462949237,0.32587882762078785,readmission,Native,MNAR,40,152
0.6849759261078904,0.16262017272282875,0.43945398502862176,0.2373929590865842,0.6174075054327137,0.16916805931177187,0.20950962249503255,0.3255773345563973,readmission,Native,MNAR,40,162
0.6810454947430481,0.1586608442503639,0.4319682959048877,0.2320794889992903,0.6110079207396648,0.16910804078220715,0.21060578457615872,0.32671294047757926,readmission,Native,MNAR,40,172
0.6788837574923848,0.15918171647754514,0.4385733157199472,0.23358348968105067,0.6118407042938874,0.16977790137221682,0.21070758625117694,0.3267204557198011,readmission,Native,MNAR,40,182
0.6749533261275426,0.15466539500874266,0.4284456186701893,0.22728334501284747,0.6091114719730268,0.16503918174849747,0.2121995057802764,0.3290688419597251,readmission,Native,MNAR,40,192
0.6811437555271691,0.16145081046381,0.4429766622633201,0.23665019995295225,0.6135661377269299,0.17513644410985524,0.21095250290037063,0.32801603930947865,readmission,Native,MNAR,40,202
0.6763289771052373,0.15819477434679335,0.43989431968295906,0.23270440251572327,0.610854742332149,0.17360609493191761,0.21166459128096438,0.32849265121591925,readmission,Native,MNAR,40,212
0.682715928073106,0.1623931623931624,0.4434169969176574,0.23772426817752595,0.6202484833560051,0.17367622253687495,0.21015242344254415,0.3276220564202896,readmission,Native,MNAR,40,222
0.6821754937604402,0.16416,0.45178335535006603,0.24081680553925597,0.6167608346785297,0.17379193066593474,0.21020316233046493,0.3268878053658906,readmission,Native,MNAR,40,232
0.6583963840031444,0.15007473841554558,0.4420959929546455,0.22408213369043634,0.5966518738281352,0.159994520512717,0.2139921281908867,0.330514487763487,readmission,Native,MNAR,50,42
0.6726933280927582,0.15839427415590476,0.4482606781153677,0.23407679926419867,0.6085338843031958,0.16961277875935066,0.21342839863679305,0.33191026690855024,readmission,Native,MNAR,50,52
0.673135501621303,0.1517800381436745,0.420519594892118,0.22305266845731636,0.5941106171398663,0.155507971353108,0.21461253692547783,0.33231871441216043,readmission,Native,MNAR,50,62
0.6713176771150634,0.15664335664335666,0.4438573315719947,0.2315644383184011,0.6083820817131864,0.16259648880248798,0.2131457883907722,0.330923887559209,readmission,Native,MNAR,50,72
0.6720055026039108,0.1507848422387823,0.4187582562747688,0.22173000699463744,0.598188004512584,0.16050713609679787,0.21397929811905247,0.33161514881334647,readmission,Native,MNAR,50,82
0.6764272378893583,0.16071709388268596,0.45002201673271686,0.23684820393974507,0.6061010249889125,0.161390772856451,0.21415784781152522,0.3328813376014788,readmission,Native,MNAR,50,92
0.6648815957551342,0.15362362971985383,0.444297666226332,0.22830636949881208,0.6005747191512067,0.1608517830410702,0.21391523627703582,0.3311661177845499,readmission,Native,MNAR,50,102
0.6715141986833055,0.15274500550574172,0.42756494936151473,0.22508113120074177,0.6026152147932379,0.160675098579601,0.21307862535487213,0.33101221192304187,readmission,Native,MNAR,50,112
0.6730372408371819,0.15664160401002505,0.44033465433729635,0.23108030040439054,0.604260461198866,0.16435395560472316,0.2137717676479495,0.3324598542598454,readmission,Native,MNAR,50,122
0.6776554976908715,0.15854823304680038,0.4385733157199472,0.23290073658365487,0.6027767698595543,0.1598476372134507,0.21429175089789373,0.3323826155542648,readmission,Native,MNAR,50,132
0.6657168124201631,0.15017749652724185,0.4284456186701893,0.2224,0.5997700485405462,0.16663770506646872,0.21323067638559598,0.3310327014245346,readmission,Native,MNAR,50,142
0.6731846320133634,0.1560684565865913,0.4376926464112726,0.2300925925925926,0.601056023946335,0.16646909237757868,0.21375670835589003,0.33111905549195586,readmission,Native,MNAR,50,152
0.6685663751596738,0.15044524293079206,0.4240422721268164,0.2220940959409594,0.6002608014275774,0.16080989507194712,0.21369894096835074,0.3316038283889615,readmission,Native,MNAR,50,162
0.6644394222265894,0.14882144507780004,0.42536327608982827,0.2204976032869208,0.5899642440858051,0.15536688340757066,0.2141105979248411,0.33069154605272355,readmission,Native,MNAR,50,172
0.6689102879040975,0.1554595928439235,0.4438573315719947,0.23026841804683038,0.6066910558931827,0.16461224200697072,0.21366812832078722,0.3321254532698202,readmission,Native,MNAR,50,182
0.6748550653434214,0.14744525547445256,0.4002642007926024,0.2155049786628734,0.5873040339724165,0.15771744813658603,0.2138730009754821,0.3305450216231476,readmission,Native,MNAR,50,192
0.6727915888768793,0.15908031691781885,0.45090268604139144,0.23518603582912265,0.6075756213222298,0.16484096483775718,0.2134983608247067,0.332074358313324,readmission,Native,MNAR,50,202
0.671563329075366,0.15761712690040336,0.4473800088066931,0.2331077205460594,0.601801303072069,0.1657908569547844,0.21353681924540455,0.33094071324922375,readmission,Native,MNAR,50,212
0.6619337722315024,0.15107478050257342,0.43945398502862176,0.22485073786189028,0.5990388197989052,0.15866467910551485,0.21468791957104993,0.33259769462263505,readmission,Native,MNAR,50,222
0.6737741967180898,0.151316839584996,0.41743725231175693,0.22211808809746955,0.5933759914682757,0.15820868316447678,0.21275323395926546,0.32927711969967194,readmission,Native,MNAR,50,232
0.6727915888768793,0.17212012550425818,0.5072655217965654,0.2570281124497992,0.6448916516927803,0.2004058995792981,0.21908651852467875,0.34403385579039886,readmission,Explicit Imputation,MCAR,10,42
0.6726933280927582,0.1749814951887491,0.5204755614266843,0.2619100376689564,0.6475376531421858,0.20025965969862594,0.219045354359256,0.34404902641669793,readmission,Explicit Imputation,MCAR,10,52
0.6644885526186499,0.17330848623853212,0.5323645970937912,0.2614902130420677,0.6486670166843806,0.20273703484764666,0.22011508456478276,0.34613503176904536,readmission,Explicit Imputation,MCAR,10,62
0.6681242016311291,0.1727007299270073,0.5209158960810216,0.25940138142747504,0.6465347430568273,0.20089669024129556,0.21986179780044007,0.3455928851567283,readmission,Explicit Imputation,MCAR,10,72
0.6652255084995579,0.17179598323941628,0.5235579040070454,0.25870322019147085,0.6479600047659292,0.20285037935967326,0.21962240246141573,0.3453143851276441,readmission,Explicit Imputation,MCAR,10,82
0.6688120271199764,0.17372262773722627,0.5239982386613826,0.26093630084420566,0.6518555285448894,0.20740758295360406,0.219384462994139,0.3453389953653881,readmission,Explicit Imputation,MCAR,10,92
0.6715141986833055,0.1726234613673439,0.512549537648613,0.2582649212336366,0.6490929600440924,0.2061787070137378,0.21840010802363136,0.3438922904605327,readmission,Explicit Imputation,MCAR,10,102
0.6727915888768793,0.17221807318894697,0.5077058564509027,0.2571938434084319,0.6445560252734511,0.20070695194498056,0.2194978872632095,0.34474697427298306,readmission,Explicit Imputation,MCAR,10,112
0.6718581114277292,0.1737714624037892,0.5169528841919859,0.26010856319929104,0.6461966206853846,0.19953876460874226,0.21929979387326345,0.3446878164346283,readmission,Explicit Imputation,MCAR,10,122
0.6751007173037241,0.17215342796738145,0.5019815059445178,0.2563814235915889,0.6447567850510147,0.2029108929044675,0.21872210796418656,0.34361340487250475,readmission,Explicit Imputation,MCAR,10,132
0.6717107202515477,0.17243427892469923,0.5112285336856011,0.25788538427365615,0.6433252530231885,0.20231195313914957,0.21944880567375452,0.34445700925504275,readmission,Explicit Imputation,MCAR,10,142
0.6756411516163899,0.17625953057258184,0.5191545574636723,0.26316964285714284,0.6528702122189981,0.20494304852411477,0.21836368721274302,0.3439432298758181,readmission,Explicit Imputation,MCAR,10,152
0.6683207231993711,0.16981132075471697,0.5072655217965654,0.2544450579790171,0.6414686664381105,0.20149932029735762,0.21898795752198724,0.3433635575757042,readmission,Explicit Imputation,MCAR,10,162
0.6690085486882186,0.17248459958932238,0.5178335535006605,0.2587743426119485,0.6496025360626728,0.20607822206610038,0.21968090123407913,0.34522925240050906,readmission,Explicit Imputation,MCAR,10,172
0.6714159378991844,0.17120738424892065,0.5063848524878908,0.255896751223854,0.6457786278463077,0.20179170173977784,0.21933013307872334,0.34434592042078416,readmission,Explicit Imputation,MCAR,10,182
0.6729881104451213,0.17212501869298638,0.5068251871422281,0.25697700379549004,0.6444492228737428,0.19991537348218297,0.21931508691756132,0.34446996940199026,readmission,Explicit Imputation,MCAR,10,192
0.6674363761422816,0.17311046511627906,0.52443857331572,0.26029942082832475,0.651437340899794,0.2065465003158622,0.2192127552207878,0.34486667083284755,readmission,Explicit Imputation,MCAR,10,202
0.670826373194458,0.17284680159550894,0.5151915455746368,0.2588495575221239,0.6476568622502048,0.20618895364606943,0.21916212453803463,0.3443994747662025,readmission,Explicit Imputation,MCAR,10,212
0.6686646359437949,0.1725955204216074,0.5191545574636723,0.25906394199077126,0.6494595362696299,0.20106432505184105,0.2196504323227205,0.34535056719690244,readmission,Explicit Imputation,MCAR,10,222
0.6764763682814189,0.17573662056524353,0.5147512109202994,0.2620195001681049,0.6492391741364426,0.2061927672858294,0.2190429620980448,0.3448153591367144,readmission,Explicit Imputation,MCAR,10,232
0.669696374177066,0.16616676664667065,0.48789079700572435,0.24790244993847185,0.635833500562125,0.19320164748029628,0.22120927948272737,0.3474126116467726,readmission,Explicit Imputation,MCAR,20,42
0.6695489830008844,0.17170228445099484,0.5129898723029502,0.2572879858657244,0.6402601020739705,0.19874472458498507,0.22070570937913625,0.34668747047883913,readmission,Explicit Imputation,MCAR,20,52
0.6670433330057974,0.17022833723653397,0.5121092029942756,0.2555201581896078,0.643456613156619,0.19530211691360863,0.22191849011815185,0.34904835326382033,readmission,Explicit Imputation,MCAR,20,62
0.6699911565294291,0.1690979458172075,0.5002201673271687,0.25275336522416286,0.6366015841674136,0.19675106944821097,0.22085771005188615,0.34704968755665966,readmission,Explicit Imputation,MCAR,20,72
0.668959418296158,0.1742744640513344,0.5261999119330691,0.26183172655565295,0.6420441234171128,0.19814003618633547,0.22133091335693364,0.3483753686191889,readmission,Explicit Imputation,MCAR,20,82
0.6605581212538076,0.16814539210074414,0.5173932188463232,0.25380710659898476,0.6358298357738996,0.19619578183877023,0.22218847942212896,0.34874478917302815,readmission,Explicit Imputation,MCAR,20,92
0.6664046379090105,0.16990504017531044,0.5121092029942756,0.2551557700745941,0.6377241294989567,0.20013810227473514,0.22088538550630188,0.3472153080289275,readmission,Explicit Imputation,MCAR,20,102
0.6694998526088238,0.17041420118343195,0.5072655217965654,0.25512124903111505,0.6406999497132614,0.1960427219338821,0.22084258368135912,0.34710917438093897,readmission,Explicit Imputation,MCAR,20,112
0.673233762405424,0.1708746618575293,0.5006605019815059,0.25478991596638656,0.6377543244318428,0.1938965323297438,0.22117410610235808,0.3473722051327245,readmission,Explicit Imputation,MCAR,20,122
0.6657168124201631,0.16752237054422767,0.5028621752531924,0.25132042253521125,0.6364782719576273,0.1956884290486869,0.22118284477523456,0.34732804442068155,readmission,Explicit Imputation,MCAR,20,132
0.668959418296158,0.16837416481069042,0.49933949801849403,0.2518321119253831,0.6397211103465786,0.19289106584193255,0.22156786596801026,0.3483095293301074,readmission,Explicit Imputation,MCAR,20,142
0.6720546329959713,0.17193087008343266,0.50814619110524,0.2569297562061672,0.6429337172765154,0.1972537745130188,0.22113889703152778,0.34793502386665603,readmission,Explicit Imputation,MCAR,20,152
0.6652255084995579,0.1689258125637662,0.5103478643769265,0.25383267630310996,0.6417834973149521,0.20088828321193625,0.2206013675828007,0.3470231746355894,readmission,Explicit Imputation,MCAR,20,162
0.6658150732042841,0.16873811960812984,0.50814619110524,0.25334796926454445,0.6372284090584507,0.19390913471074991,0.22168222497972243,0.3476224216516598,readmission,Explicit Imputation,MCAR,20,172
0.674904195735482,0.16864897834705703,0.48701012769704977,0.2505379997734738,0.6349590893967986,0.19571248954747913,0.22112057657064269,0.346897772744765,readmission,Explicit Imputation,MCAR,20,182
0.6707772428023976,0.1688098086124402,0.49713782474680757,0.2520370577073334,0.6368168691687405,0.1958372887641156,0.22079973925941007,0.34646522139178115,readmission,Explicit Imputation,MCAR,20,192
0.6693033310405817,0.17244418331374853,0.5169528841919859,0.2586187906157066,0.643675173334134,0.20004380383886394,0.22058315757047242,0.3473264557177946,readmission,Explicit Imputation,MCAR,20,202
0.6669942026137369,0.1679681744511566,0.5019815059445178,0.2517111945241775,0.6357645757576621,0.19208924093159907,0.22143196160894896,0.34765188814591735,readmission,Explicit Imputation,MCAR,20,212
0.6683207231993711,0.16775437555621478,0.49801849405548215,0.25097081992677245,0.6371727310632539,0.192388409949117,0.22101300512727307,0.3472923354739066,readmission,Explicit Imputation,MCAR,20,222
0.6719563722118502,0.17030829093085903,0.5011008366358433,0.2542164637551659,0.638789718420806,0.19555385908564277,0.2211835252263095,0.34778330159117615,readmission,Explicit Imputation,MCAR,20,232
0.6662572467328289,0.16364177328176138,0.484368119771026,0.24463471589013677,0.6268921843411367,0.18933002363903684,0.22363788618634795,0.35110885773388156,readmission,Explicit Imputation,MCAR,30,42
0.6677311584946448,0.16487615637123246,0.4865697930427125,0.24629443887217206,0.6318301760026112,0.1926865588177032,0.22265944202439714,0.34946678433788014,readmission,Explicit Imputation,MCAR,30,52
0.6654711604598604,0.1683718211049401,0.5072655217965654,0.2528256337100845,0.6333184452833603,0.18964804535365834,0.22374957573253307,0.3514050813789884,readmission,Explicit Imputation,MCAR,30,62
0.6737741967180898,0.16826119969627942,0.48789079700572435,0.25022583559168926,0.6317401999727612,0.19099784133126596,0.22285779785540957,0.35025743685148075,readmission,Explicit Imputation,MCAR,30,72
0.6655694212439816,0.1681299385425812,0.5059445178335535,0.25238879736408565,0.6334568306088373,0.19228648236650492,0.22351751986095525,0.3516193253717605,readmission,Explicit Imputation,MCAR,30,82
0.6546624742065442,0.16130410022779043,0.49889916336415674,0.24378698224852072,0.6236559693568184,0.18950096674924283,0.2239076858707154,0.35076040055149255,readmission,Explicit Imputation,MCAR,30,92
0.6606563820379286,0.16239440722400234,0.4909731395860854,0.2440626026047937,0.6258370540674121,0.19131653915547409,0.22286122401034122,0.34959741312469805,readmission,Explicit Imputation,MCAR,30,102
0.6621302937997445,0.1669077234596471,0.50814619110524,0.2512792596624932,0.6350073647632877,0.1873858149360229,0.22306304003545063,0.3502841827347897,readmission,Explicit Imputation,MCAR,30,112
0.6672889849661,0.16604837512984122,0.49273447820343463,0.2483906770255272,0.6280129885938884,0.1804395172853887,0.22347961442927186,0.3502255102859841,readmission,Explicit Imputation,MCAR,30,122
0.657708558514297,0.16676128299744536,0.5173932188463232,0.25222711173124396,0.6326265430067282,0.1916104826358786,0.22372090597845914,0.35111917941954135,readmission,Explicit Imputation,MCAR,30,132
0.669696374177066,0.16394927536231885,0.47820343461030385,0.24418212478920742,0.6309997666467404,0.18248886075945203,0.223242192371227,0.3504697591471943,readmission,Explicit Imputation,MCAR,30,142
0.6663555075169499,0.16939730836746636,0.5099075297225891,0.2543098715273965,0.6372693304977368,0.1971183425136389,0.22277468469502254,0.3506418197030776,readmission,Explicit Imputation,MCAR,30,152
0.663751596737742,0.16615564315958534,0.5011008366358433,0.24956140350877193,0.6289393033878008,0.19422909998323404,0.2228572142664081,0.34980603963813134,readmission,Explicit Imputation,MCAR,30,162
0.6617863810553208,0.16362840892518593,0.4940554821664465,0.24583698510078877,0.6254439111710853,0.18923870278856142,0.22363052349331453,0.35058833157755875,readmission,Explicit Imputation,MCAR,30,172
0.6688120271199764,0.16136363636363638,0.46895640686922063,0.24010821778829894,0.6208147357506276,0.1819633501887985,0.22343536054386856,0.349783816771911,readmission,Explicit Imputation,MCAR,30,182
0.6718089810356687,0.16643970343471023,0.484368119771026,0.24774774774774774,0.6300578308452099,0.19257293497087818,0.2227557586241809,0.34993744501455115,readmission,Explicit Imputation,MCAR,30,192
0.6640955094821657,0.1681686046511628,0.5094671950682519,0.252868538957491,0.6355413645864525,0.19203240822399364,0.22290836863584126,0.3507430626792688,readmission,Explicit Imputation,MCAR,30,202
0.6584946447872654,0.16437177280550774,0.5046235138705416,0.24797143784485556,0.63079820329435,0.18840560767939735,0.2236789887292557,0.3512040870581721,readmission,Explicit Imputation,MCAR,30,212
0.6617372506632603,0.16350641773628938,0.4936151475121092,0.24564479018297358,0.6268532353127889,0.18135456158424537,0.22385921229287487,0.35114446511021574,readmission,Explicit Imputation,MCAR,30,222
0.6709246339785792,0.16659135411959633,0.48701012769704977,0.24826038159371494,0.6278307840895984,0.18653738471045717,0.2236575997480649,0.35079446944955456,readmission,Explicit Imputation,MCAR,30,232
0.6614424683108971,0.16079295154185022,0.4821664464993395,0.2411628675256029,0.6190698704172279,0.1766970875403926,0.22582911260044583,0.3542437282850926,readmission,Explicit Imputation,MCAR,40,42
0.6633585536012577,0.16251657580668927,0.4856891237340379,0.24354162066681387,0.6273113703670776,0.1873315923966338,0.22407960434053723,0.3518035368208885,readmission,Explicit Imputation,MCAR,40,52
0.6622776849759261,0.1608958302637395,0.4808454425363276,0.241112828438949,0.6215445521486338,0.1797429124097527,0.22560195736979213,0.353604259378487,readmission,Explicit Imputation,MCAR,40,62
0.6631620320330156,0.16042067841801214,0.47688243064729197,0.24007980492130349,0.6173264539535919,0.17826412041644,0.22588871018259285,0.3540746978913928,readmission,Explicit Imputation,MCAR,40,72
0.6657659428122237,0.16057519472738166,0.4720387494495817,0.2396333966692746,0.6184243684991557,0.18269619221186906,0.22612792679656293,0.3546307372858871,readmission,Explicit Imputation,MCAR,40,82
0.6472437850054044,0.15531526471001264,0.48701012769704977,0.23551959114139692,0.6121794597848909,0.1822170529044196,0.2271954949122074,0.35556517542360266,readmission,Explicit Imputation,MCAR,40,92
0.6610002947823523,0.1599823710885853,0.4795244385733157,0.23992068737607403,0.61878044955044,0.18213813482078828,0.22578687451947094,0.35405141652696337,readmission,Explicit Imputation,MCAR,40,102
0.6600668173332023,0.16454965357967669,0.5019815059445178,0.24785302750298946,0.6274525316783198,0.1825436948742593,0.22549745268107574,0.3540684036186487,readmission,Explicit Imputation,MCAR,40,112
0.6585437751793259,0.16010460554990558,0.4852487890797006,0.24076906270482848,0.6192649321187471,0.1742214454375656,0.225769504013137,0.35322853884152455,readmission,Explicit Imputation,MCAR,40,122
0.6602633389014444,0.1619103086779266,0.4896521356230735,0.243352664405296,0.6222459633940498,0.18565465981236579,0.22564771330956135,0.3541444949952156,readmission,Explicit Imputation,MCAR,40,132
0.664685074186892,0.15851829634073186,0.46543372963452223,0.2364917776037588,0.6228574716618729,0.17908581861005526,0.22500602146172094,0.3531153757281442,readmission,Explicit Imputation,MCAR,40,142
0.6579542104745996,0.1627606038820992,0.49845882870981945,0.24539345328419684,0.6215465245595722,0.18665199412470154,0.2255794176975612,0.35409273222488535,readmission,Explicit Imputation,MCAR,40,152
0.6683698535914316,0.161553574127248,0.4707177454865698,0.24054905490549056,0.6154821888491915,0.18755137852616538,0.225290077139147,0.3535480715346861,readmission,Explicit Imputation,MCAR,40,162
0.6528446497003046,0.15949439000142027,0.4944958168207838,0.24119415807560138,0.6169132216865949,0.18217047401276487,0.22576658181645606,0.3536539278156492,readmission,Explicit Imputation,MCAR,40,172
0.6701385477056107,0.16120176910172335,0.46543372963452223,0.23946533756230176,0.617335317627439,0.17967915896439007,0.2258079715506514,0.35389951003648223,readmission,Explicit Imputation,MCAR,40,182
0.6670433330057974,0.162016201620162,0.47556142668428003,0.24169184290030213,0.6242734192082094,0.18344577008758547,0.22519992729046676,0.35341470169376227,readmission,Explicit Imputation,MCAR,40,192
0.6601159477252628,0.1637968456084503,0.49845882870981945,0.24656937486386407,0.6260880859731558,0.18890691140787308,0.2250767382848957,0.3534099669921863,readmission,Explicit Imputation,MCAR,40,202
0.6581016016507811,0.16068326577880718,0.48877146631439894,0.241856411373788,0.6186452176473896,0.17700189735559207,0.22655952137433308,0.3547814822014228,readmission,Explicit Imputation,MCAR,40,212
0.6587894271396286,0.16002327611288913,0.484368119771026,0.2405686167304538,0.6172047123673307,0.1747001713099352,0.22640409384273041,0.35449753486888747,readmission,Explicit Imputation,MCAR,40,222
0.6640463790901051,0.15718360606515538,0.4610303830911493,0.23443797581728615,0.6130515454533699,0.17850627976317676,0.2266810884847168,0.3548481902071907,readmission,Explicit Imputation,MCAR,40,232
0.6571681242016312,0.15617238860482105,0.4707177454865698,0.23453268977621763,0.6112124792345915,0.1706233258898837,0.22843330994317443,0.3581930030416597,readmission,Explicit Imputation,MCAR,50,42
0.6550555173430284,0.15817501439263099,0.48392778511668866,0.2384206529992407,0.6198996466535382,0.18450419102544321,0.22665346830506694,0.3555050803502346,readmission,Explicit Imputation,MCAR,50,52
0.6431659624643805,0.1552486187845304,0.4949361514751211,0.23635790137735255,0.609722541927308,0.17107084621557428,0.22803546314679302,0.3569150219409794,readmission,Explicit Imputation,MCAR,50,62
0.6606563820379286,0.1562870699881376,0.46411272567151035,0.23383250138657793,0.6055020451831619,0.17284064405652017,0.22835457218699864,0.3576324361781773,readmission,Explicit Imputation,MCAR,50,72
0.6592316006681733,0.15500665582014495,0.4614707177454866,0.2320637732506643,0.6096589255868525,0.17809871432731844,0.22836977086083451,0.3583150447532132,readmission,Explicit Imputation,MCAR,50,82
0.6467033506927385,0.15313028764805414,0.47820343461030385,0.23197693047100287,0.6051433342506262,0.17556164898346094,0.22927325570728155,0.35858664441832894,readmission,Explicit Imputation,MCAR,50,92
0.6541220398938784,0.15546886288108655,0.47380008806693086,0.23411662315056572,0.6103674472519482,0.17645308662872256,0.22800188085475095,0.357565770537566,readmission,Explicit Imputation,MCAR,50,102
0.653532475189152,0.15688244581598967,0.4812857771906649,0.23663130547737604,0.6182934588546434,0.17422220853427117,0.2274797599595554,0.35704996785789744,readmission,Explicit Imputation,MCAR,50,112
0.6487176967672202,0.15372604684173172,0.47688243064729197,0.23250322026620868,0.6098910369580378,0.16853676096684167,0.22778339225461444,0.35656539572647544,readmission,Explicit Imputation,MCAR,50,122
0.6626707281124103,0.16088560885608857,0.479964773227653,0.24099049303559583,0.6129535093244997,0.18098617060075123,0.22786615886618178,0.35754511422747887,readmission,Explicit Imputation,MCAR,50,132
0.6444924830500147,0.15294282119390465,0.4817261118450022,0.23217317487266553,0.6043820079791083,0.16878410451615242,0.22777573243393,0.35614464237042914,readmission,Explicit Imputation,MCAR,50,142
0.6436081359929252,0.15790196347658933,0.5063848524878908,0.24073686414067405,0.6160375442821475,0.1824135152641226,0.22783434056997837,0.3574075414914917,readmission,Explicit Imputation,MCAR,50,152
0.6530903016606072,0.1550979262672811,0.47424042272126815,0.23374932175800325,0.6079031511164102,0.17700440212334462,0.2274991798624787,0.3565155076959507,readmission,Explicit Imputation,MCAR,50,162
0.6438046575611673,0.1492179794279273,0.4663143989431968,0.22608881298035866,0.5991274687127532,0.16671280469614586,0.22934544342457255,0.35786597658974767,readmission,Explicit Imputation,MCAR,50,172
0.6638989879139235,0.15410233121404784,0.4482606781153677,0.2293567646727498,0.6012043443787616,0.16545484036507638,0.2282484653670014,0.3564427107868325,readmission,Explicit Imputation,MCAR,50,182
0.6553502996953916,0.15712633709164497,0.47864376926464114,0.23658722385460876,0.6114334623119632,0.17540302346286227,0.2284782958793956,0.35786936923728263,readmission,Explicit Imputation,MCAR,50,192
0.6495529134322492,0.15702595936794583,0.4900924702774108,0.23784592370979807,0.6194354239111677,0.179409631218394,0.22742907190229208,0.356819647592459,readmission,Explicit Imputation,MCAR,50,202
0.6508794340178835,0.15518470974183426,0.47908410391897843,0.23443223443223443,0.6109246655174572,0.17594144411115464,0.22856234168054398,0.35823086967459883,readmission,Explicit Imputation,MCAR,50,212
0.6460155252038912,0.15115950226244343,0.4707177454865698,0.22883442149202612,0.6058266650624392,0.1693781166463486,0.2294154816350464,0.35857922523859453,readmission,Explicit Imputation,MCAR,50,222
0.6610494251744129,0.154729931363772,0.4566270365477763,0.23113785801849995,0.6033353761179461,0.17187333689433765,0.22950497618373744,0.359138068482331,readmission,Explicit Imputation,MCAR,50,232
0.6697455045691265,0.17267245183115165,0.5169528841919859,0.2588754134509372,0.6496554380721041,0.20239840943951748,0.2183701542591966,0.3432568546358584,readmission,Explicit Imputation,MAR,10,42
0.6617863810553208,0.16884422110552763,0.5178335535006605,0.2546556951061065,0.6469893959535332,0.20486798099972497,0.2191279736540151,0.3441312071516154,readmission,Explicit Imputation,MAR,10,52
0.6619337722315024,0.17099628889523266,0.527520915896081,0.258273148647192,0.649157258205613,0.20307734558416543,0.21968002393370953,0.345006278736618,readmission,Explicit Imputation,MAR,10,62
0.6672889849661,0.17160367722165476,0.5178335535006605,0.25778167470407715,0.644141733748728,0.20337055682246585,0.21916855184540604,0.34400431379284924,readmission,Explicit Imputation,MAR,10,72
0.6698928957453081,0.17187961050457362,0.5129898723029502,0.25748701513979444,0.6444589997008022,0.20113656043110895,0.21912507530998243,0.34366375885239825,readmission,Explicit Imputation,MAR,10,82
0.6693524614326423,0.17342903178555735,0.5213562307353589,0.260276983952517,0.6477994846065867,0.2059370638124936,0.21840670864130807,0.343282077343247,readmission,Explicit Imputation,MAR,10,92
0.6644394222265894,0.16968555281843212,0.515631880228974,0.25534234627126035,0.647111186241299,0.2009099368908238,0.21915323067497913,0.34409731982237957,readmission,Explicit Imputation,MAR,10,102
0.6699420261373685,0.17449860928121796,0.5248789079700572,0.26192045704240824,0.6485489520617209,0.2060575236697236,0.21829249919145982,0.34318855063914905,readmission,Explicit Imputation,MAR,10,112
0.6621794241918051,0.1710244320617231,0.5270805812417437,0.258252427184466,0.6486079174084819,0.20508890754210976,0.21913918310266528,0.34461098732722345,readmission,Explicit Imputation,MAR,10,122
0.6713668075071239,0.17254669433738512,0.512549537648613,0.2581789952312299,0.6440736003437157,0.20382833543323708,0.21901494292557921,0.34399302013074184,readmission,Explicit Imputation,MAR,10,132
0.6718581114277292,0.1736748593426118,0.5165125495376486,0.25994459833795014,0.6488239207570025,0.20299274632880965,0.2193121249570836,0.3442814921649275,readmission,Explicit Imputation,MAR,10,142
0.6670924633978579,0.16996336996336997,0.5107881990312637,0.25505716798592787,0.6492277536336011,0.2032536255724675,0.21956262979490349,0.34507721386483103,readmission,Explicit Imputation,MAR,10,152
0.6673381153581606,0.1704745166959578,0.512549537648613,0.25585229146060007,0.6497480439832054,0.20430594472707764,0.21883149734211724,0.34393641131742364,readmission,Explicit Imputation,MAR,10,162
0.676672889849661,0.17749176893145766,0.5222369000440334,0.2649391265497599,0.648613566783022,0.20324248643237766,0.21897226165224454,0.34400013364193316,readmission,Explicit Imputation,MAR,10,172
0.6661589859487078,0.17217391304347826,0.523117569352708,0.2590775269872424,0.6499118880202408,0.20403309376981946,0.21917508786130857,0.34449872088722816,readmission,Explicit Imputation,MAR,10,182
0.6628181192885919,0.16906889593542807,0.5165125495376486,0.25475078727331957,0.647374515276968,0.20581142436987884,0.2192329805786788,0.34436249885174763,readmission,Explicit Imputation,MAR,10,192
0.6637024663456814,0.17169107091587713,0.5266402465874064,0.25895853632131643,0.6469577278001314,0.20131153008807406,0.21894836746570473,0.34365108323460924,readmission,Explicit Imputation,MAR,10,202
0.6667485506534342,0.169692532942899,0.5103478643769265,0.2546972860125261,0.6484347592086813,0.2041902293967312,0.21934491607791204,0.3447860406789117,readmission,Explicit Imputation,MAR,10,212
0.6668468114375553,0.17233362394652718,0.5222369000440334,0.25915000546268985,0.6508889619573798,0.20293865742042488,0.21890703749091694,0.3443334501185796,readmission,Explicit Imputation,MAR,10,222
0.6633094232091972,0.16864333236910617,0.5134302069572876,0.25389221556886227,0.6448210466864068,0.19808005324496195,0.21973395163238835,0.3446641886061215,readmission,Explicit Imputation,MAR,10,232
0.6630637712488946,0.16756051601681404,0.5090268604139145,0.25212649945474375,0.6392781823371185,0.19869298798177876,0.22009593594049892,0.34547367601249934,readmission,Explicit Imputation,MAR,20,42
0.6580524712587207,0.1701139721401435,0.5323645970937912,0.2578374920025592,0.6442206058355165,0.20160621683062263,0.2212022492452041,0.3475224632962732,readmission,Explicit Imputation,MAR,20,52
0.6556450820477547,0.1689491335941867,0.5323645970937912,0.25649729500371277,0.6425888253959255,0.19985806294159053,0.22144829603675725,0.3479604852818032,readmission,Explicit Imputation,MAR,20,62
0.6639972486980447,0.16956018518518517,0.5160722148833113,0.2552542742023304,0.6380792973970287,0.1961495728380759,0.2204213425757367,0.3457670321445914,readmission,Explicit Imputation,MAR,20,72
0.663849857521863,0.16746689946166157,0.5068251871422281,0.2517497812773403,0.637516003618814,0.19679322026737592,0.22163856405432336,0.3477738941039086,readmission,Explicit Imputation,MAR,20,82
0.6642920310504078,0.1674927113702624,0.5059445178335535,0.2516701347059468,0.6369334118693798,0.1934209924152629,0.2203686375793287,0.3456759897482656,readmission,Explicit Imputation,MAR,20,92
0.65613638596836,0.16722972972972974,0.523117569352708,0.25344,0.6412417661279233,0.19387614380875434,0.22159840743314205,0.34780837127028685,readmission,Explicit Imputation,MAR,20,102
0.6704333300579739,0.17020960309201724,0.5041831792162044,0.2545010002222716,0.6420723581144365,0.20113011586258867,0.22077126053309643,0.3471955980172505,readmission,Explicit Imputation,MAR,20,112
0.6606563820379286,0.1690462592804112,0.5213562307353589,0.2553099730458221,0.6405067873704239,0.19889456073885178,0.2211152289384302,0.3472621295192252,readmission,Explicit Imputation,MAR,20,122
0.6687137663358553,0.16903493191237418,0.5028621752531924,0.253018721612939,0.6378102459345627,0.1933278845975835,0.2206635757458087,0.3460263313312503,readmission,Explicit Imputation,MAR,20,132
0.6679768104549474,0.17079970652971388,0.512549537648613,0.2562183579132732,0.6397245316272806,0.19479633865235624,0.22101475404404572,0.346874555804394,readmission,Explicit Imputation,MAR,20,142
0.6635550751694999,0.16914847477230013,0.5151915455746368,0.2546800174140183,0.6402386612365463,0.19732257879245835,0.22087880187090025,0.3469469818957659,readmission,Explicit Imputation,MAR,20,152
0.6656185516360421,0.16941245079457648,0.5116688683399383,0.2545454545454545,0.6403170341329122,0.19664119043959039,0.22042530480721673,0.3460359517534321,readmission,Explicit Imputation,MAR,20,162
0.6723494153483345,0.17402905425437296,0.5169528841919859,0.2603970278363092,0.6412115711950372,0.19618007972586543,0.22075951343746172,0.3467250049587896,readmission,Explicit Imputation,MAR,20,172
0.6598211653728997,0.16769032995286387,0.5169528841919859,0.2532355478861087,0.6414053057805544,0.19788265912421454,0.22066024357511307,0.346374008916937,readmission,Explicit Imputation,MAR,20,182
0.6544659526383021,0.16360553828765187,0.5099075297225891,0.2477270296288373,0.6386776562585951,0.20187668028439776,0.2213751292987911,0.3474577920700064,readmission,Explicit Imputation,MAR,20,192
0.6664537683010711,0.1705075845974329,0.5147512109202994,0.256163032759943,0.6413628380684954,0.19654152203399375,0.22032578089777366,0.34577015682892404,readmission,Explicit Imputation,MAR,20,202
0.664783334971013,0.16734872844197604,0.5041831792162044,0.2512893668385822,0.6394107721835416,0.19640833610178307,0.22087911043155298,0.3471661079922044,readmission,Explicit Imputation,MAR,20,212
0.6638007271298025,0.16792562463683905,0.5090268604139145,0.2525395958492627,0.6412421557399607,0.19882592665905757,0.22072291165182478,0.34665807640683133,readmission,Explicit Imputation,MAR,20,222
0.6633585536012577,0.16914632384804276,0.515631880228974,0.2547313465303459,0.6402208486612189,0.19050472542441615,0.22175182812196545,0.34787452962936594,readmission,Explicit Imputation,MAR,20,232
0.6551046477350889,0.1624733475479744,0.5033025099075297,0.24564796905222436,0.6332229416327321,0.19078097676529177,0.22248030752067116,0.3492860348694414,readmission,Explicit Imputation,MAR,30,42
0.6408077036454751,0.15945945945945947,0.5195948921180097,0.2440285389308241,0.6300129524086705,0.1931111595507734,0.2228820316377364,0.34949751501454346,readmission,Explicit Imputation,MAR,30,52
0.6537781271494546,0.16740947075208915,0.5292822545134303,0.2543646175007936,0.6367338696294325,0.19522105905530973,0.2231967972869143,0.3511765740070207,readmission,Explicit Imputation,MAR,30,62
0.6515672595067309,0.1640418118466899,0.5182738881549978,0.24920601312724963,0.6293536192632764,0.1898101289659824,0.22261793536873645,0.3484982904118154,readmission,Explicit Imputation,MAR,30,72
0.6568242114572074,0.165483962531933,0.5134302069572876,0.2502951593860685,0.6337192586666702,0.18717957949337893,0.22307325284337523,0.3502215709468816,readmission,Explicit Imputation,MAR,30,82
0.6523042153876388,0.1610719322990127,0.5028621752531924,0.24399102659972224,0.6263681805018023,0.18403954789210158,0.22294131882475074,0.3489727887213436,readmission,Explicit Imputation,MAR,30,92
0.6462120467721333,0.16352716352716354,0.527520915896081,0.24966135250599145,0.635090376477972,0.19070342700819778,0.22305174743973255,0.3503821680099548,readmission,Explicit Imputation,MAR,30,102
0.6581998624349022,0.1630716134598792,0.49933949801849403,0.24585365853658536,0.6316380729175,0.18934726986884637,0.22245226386116868,0.34883660368692365,readmission,Explicit Imputation,MAR,30,112
0.6515672595067309,0.1655335090883863,0.5253192426243946,0.25174087360202574,0.6322263992691073,0.19196496697396137,0.2228974384942749,0.3493129387959125,readmission,Explicit Imputation,MAR,30,122
0.6604598604696865,0.16599481716095596,0.5077058564509027,0.2501898665509385,0.6312623651598397,0.18912047104336666,0.22232722801166152,0.34857533336669666,readmission,Explicit Imputation,MAR,30,132
0.6551537781271495,0.16316685584562995,0.5063848524878908,0.2468075973816933,0.6338128142571122,0.19133124861877923,0.22255729555387738,0.34909037238308493,readmission,Explicit Imputation,MAR,30,142
0.6652255084995579,0.16541464133156578,0.4944958168207838,0.2479028697571744,0.6315754793086422,0.19418669991084853,0.22269533736155633,0.34979774125950425,readmission,Explicit Imputation,MAR,30,152
0.6519111722511546,0.16193820224719102,0.5077058564509027,0.24555425407304865,0.6322937412746688,0.18924554135013638,0.22268065731454087,0.3489586088776741,readmission,Explicit Imputation,MAR,30,162
0.6637024663456814,0.16729706139074774,0.5063848524878908,0.25150355385456535,0.6363581618717723,0.1911030429151733,0.2224383890593652,0.3492080173296405,readmission,Explicit Imputation,MAR,30,172
0.6536798663653336,0.16361588284990145,0.5116688683399383,0.2479462285287528,0.6352079662609613,0.1923589046657789,0.22263851171369992,0.34941211682066675,readmission,Explicit Imputation,MAR,30,182
0.6489142183354624,0.16393216600027574,0.5235579040070454,0.249685006299874,0.6328195348942994,0.1965877950902686,0.2232482289875159,0.35038996579954074,readmission,Explicit Imputation,MAR,30,192
0.6611968163505945,0.1672183047920564,0.5116688683399383,0.25206073752711494,0.6363498095637239,0.19825295551501615,0.22153158267247727,0.34792737921662725,readmission,Explicit Imputation,MAR,30,202
0.6483737840227966,0.16012799109627157,0.5068251871422281,0.24336610635373718,0.6272367474865701,0.18446671653119703,0.22357921533391753,0.35042788221563864,readmission,Explicit Imputation,MAR,30,212
0.663751596737742,0.16488348233914701,0.4953764861294584,0.24741587860127556,0.6329227699087916,0.19211140923688824,0.22208122475342978,0.34841001472896477,readmission,Explicit Imputation,MAR,30,222
0.6606072516458681,0.16305769510245605,0.4940554821664465,0.24519230769230768,0.6289618278337037,0.18382341715715803,0.22357513981184832,0.35058083628652326,readmission,Explicit Imputation,MAR,30,232
0.6425763977596541,0.15594059405940594,0.49933949801849403,0.23766111285759195,0.6172351995092448,0.18057215962717543,0.22531935772093464,0.3520140642521892,readmission,Explicit Imputation,MAR,40,42
0.6290655399430087,0.1564493036574255,0.5292822545134303,0.24151095037170986,0.621352850850936,0.18629335023417298,0.22496854560642918,0.3520983623334686,readmission,Explicit Imputation,MAR,40,52
0.6296059742556745,0.1585429089966295,0.5385292822545135,0.24496745117676516,0.627700775422922,0.1868664002184722,0.22548353534648177,0.3536494049047152,readmission,Explicit Imputation,MAR,40,62
0.6372211850250565,0.15762689165662247,0.5182738881549978,0.24173341548572602,0.6241442506424885,0.18381925123256776,0.2243222956763177,0.35117163956589925,readmission,Explicit Imputation,MAR,40,72
0.6405129212931119,0.15988136964141278,0.5222369000440334,0.24481370626483642,0.6250589744782931,0.1791989906704887,0.2253093708066721,0.353269132348893,readmission,Explicit Imputation,MAR,40,82
0.6356981428711801,0.15734079403144152,0.520035226772347,0.24158739899764753,0.6223426967576705,0.17766372361456495,0.22475992794846633,0.35161754629947445,readmission,Explicit Imputation,MAR,40,92
0.6339785791490616,0.1594107589109562,0.5336856010568032,0.24549321450273445,0.6251850504984685,0.18202612353026043,0.22509020413909075,0.3527007404459686,readmission,Explicit Imputation,MAR,40,102
0.6405129212931119,0.1563606646690275,0.5055041831792162,0.2388432331218142,0.6234447752818825,0.1810498333427797,0.22439011427379402,0.35146871870084373,readmission,Explicit Imputation,MAR,40,112
0.6355507516949985,0.15617902471609887,0.5147512109202994,0.23964739647396474,0.6201484626408201,0.1802340474898202,0.22540976070885207,0.3522806648811798,readmission,Explicit Imputation,MAR,40,122
0.6358455340473617,0.15813273041627876,0.5235579040070454,0.2429009193054137,0.6211782437813719,0.18193068721285,0.2249860274191723,0.3520634899938447,readmission,Explicit Imputation,MAR,40,132
0.6449346565785595,0.15924092409240925,0.5099075297225891,0.24269097767997486,0.6284547842933654,0.18742285343296755,0.2246208575106567,0.3521731425879471,readmission,Explicit Imputation,MAR,40,142
0.646555959516557,0.15940224159402241,0.5072655217965654,0.24257738471257106,0.6260192829224546,0.18747662948044513,0.22422154590765658,0.3514740891835891,readmission,Explicit Imputation,MAR,40,152
0.6421342242311093,0.16059580230196344,0.5222369000440334,0.24565037282518642,0.625262144980337,0.18620002272634528,0.2248252537933303,0.3520300507046179,readmission,Explicit Imputation,MAR,40,162
0.6457698732435885,0.15952019853853577,0.5094671950682519,0.24296514069718605,0.6228358725445584,0.18141806828019189,0.22513244253610434,0.3524281472539467,readmission,Explicit Imputation,MAR,40,172
0.6297533654318561,0.15475409836065573,0.5195948921180097,0.23848019401778497,0.6237973863509602,0.18849795176625192,0.22496696741958966,0.3524284739498629,readmission,Explicit Imputation,MAR,40,182
0.6313746683698536,0.15678299658882183,0.5261999119330691,0.241584959061963,0.6219158767708749,0.18929581111823554,0.22490302282513672,0.35205764825034613,readmission,Explicit Imputation,MAR,40,192
0.6343716222855459,0.16029431086585205,0.5372082782915015,0.24691358024691357,0.6271558421119622,0.1944486180258688,0.2237367655866909,0.35084454243340335,readmission,Explicit Imputation,MAR,40,202
0.6240051095607743,0.1546457905544148,0.5306032584764421,0.23949120540594257,0.6215976246133313,0.18543454630266368,0.22626199837806651,0.35443057726317895,readmission,Explicit Imputation,MAR,40,212
0.6425272673675936,0.1591063887753712,0.5143108762659622,0.24302954640033292,0.6251660447362768,0.1863108791385347,0.22415195578104577,0.35138262183695285,readmission,Explicit Imputation,MAR,40,222
0.6541711702859389,0.15756966388968688,0.48304711580801407,0.23762590707245748,0.6206851775728695,0.17701264129777672,0.2255639573733849,0.353118473824073,readmission,Explicit Imputation,MAR,40,232
0.6058759948904392,0.1506499817762119,0.5460149713782475,0.2361454960959817,0.6158910501561456,0.17719314016123752,0.2278495172712515,0.35602569295510894,readmission,Explicit Imputation,MAR,50,42
0.6019946939176575,0.14871053265847192,0.5433729634522237,0.23351310436181286,0.6064799592212561,0.17248910481356194,0.22753730030616096,0.3550529474068762,readmission,Explicit Imputation,MAR,50,52
0.6013068684288101,0.15164520743919885,0.560105680317041,0.23867154517309316,0.6175924980981453,0.1799363387039,0.2281554864621845,0.35704048425237384,readmission,Explicit Imputation,MAR,50,62
0.6074972978284366,0.15337051406401553,0.5570233377366799,0.24051715942580093,0.6204054117793794,0.1797419488721634,0.22679950565334556,0.3551058886003328,readmission,Explicit Imputation,MAR,50,72
0.6110838164488552,0.15397817825180826,0.5530603258476442,0.24088991177598773,0.6154641936432216,0.17034941037057338,0.22823031194454083,0.3569054591570222,readmission,Explicit Imputation,MAR,50,82
0.6138842487963054,0.1521414342629482,0.5380889476001761,0.23721246238959526,0.616087706831942,0.17051347320813975,0.22739394198852098,0.35538790377629836,readmission,Explicit Imputation,MAR,50,92
0.6075955586125578,0.15120820112277275,0.5455746367239102,0.23678929765886286,0.6176464350145505,0.1803116245063027,0.22693520977086096,0.3554920489278719,readmission,Explicit Imputation,MAR,50,102
0.6210572860371426,0.15079568788501027,0.5173932188463232,0.23352876875683196,0.6130960464532483,0.17155428601217543,0.22708060738777408,0.35496517087778473,readmission,Explicit Imputation,MAR,50,112
0.6013559988208705,0.14856249248165523,0.543813298106561,0.23337112622826908,0.6143536288818234,0.1740623485911946,0.22758126744547674,0.35573057953326487,readmission,Explicit Imputation,MAR,50,122
0.6063672988110446,0.1487825767771932,0.5354469396741524,0.23286097280735352,0.6104593956927367,0.1751347250578249,0.2273007850501094,0.35480168750503216,readmission,Explicit Imputation,MAR,50,132
0.6166846811437555,0.15288063260951423,0.5363276089828269,0.23793709708927524,0.6187821662784792,0.18257124684406326,0.22711803443824782,0.3555190134993017,readmission,Explicit Imputation,MAR,50,142
0.615800334086666,0.15061075431305881,0.5266402465874064,0.23423423423423423,0.6145886745186642,0.17606082989456984,0.22691915008269004,0.3548066094473782,readmission,Explicit Imputation,MAR,50,152
0.6077920801807999,0.1482758620689655,0.5301629238221048,0.23173900490809354,0.6097261336632762,0.17831010463584188,0.22682066235753706,0.3547369506624823,readmission,Explicit Imputation,MAR,50,162
0.6188464183944188,0.15416614143451404,0.5385292822545135,0.23970991767934144,0.615850408750511,0.1766605030616378,0.2274039456204367,0.3559478925250216,readmission,Explicit Imputation,MAR,50,172
0.6101012086076447,0.14905216206170238,0.5297225891677675,0.2326435892477277,0.6175564224585722,0.18118301978492235,0.22689629368170008,0.3556164151030696,readmission,Explicit Imputation,MAR,50,182
0.607988601749042,0.15296692607003892,0.5539409951563188,0.23973320628870892,0.618637583686535,0.18364134797338194,0.22699375960217802,0.35545018163843783,readmission,Explicit Imputation,MAR,50,192
0.6091186007664341,0.149549993835532,0.5341259357111404,0.23367366596031594,0.6151927801577797,0.18663659952059922,0.22618944842441863,0.35358446525987997,readmission,Explicit Imputation,MAR,50,202
0.6007173037240837,0.14917325664989217,0.5482166446499339,0.2345295281152868,0.6119160576969648,0.1793831513699079,0.22826330973213274,0.3570856104346926,readmission,Explicit Imputation,MAR,50,212
0.6180603321214503,0.15385583092212857,0.5385292822545135,0.23933463796477494,0.6189074021976992,0.179241051518228,0.2263772178235455,0.35419940028529606,readmission,Explicit Imputation,MAR,50,222
0.6212046772133242,0.1550171254598503,0.5380889476001761,0.240693322828442,0.6157453961310988,0.17623423899839463,0.2271119447937433,0.3553321678760631,readmission,Explicit Imputation,MAR,50,232
0.6690085486882186,0.16820208023774147,0.49845882870981945,0.25152760804355073,0.6404965722298225,0.19700282057422214,0.2197674213653076,0.3444078157149739,readmission,Explicit Imputation,MNAR,10,42
0.6721528937800924,0.17237272997916048,0.5099075297225891,0.25764823673378573,0.6449079301707112,0.20003974204964214,0.21917262510463797,0.344319221543413,readmission,Explicit Imputation,MNAR,10,52
0.6684189839834922,0.17371028854561352,0.5248789079700572,0.261031424504544,0.6500876761012926,0.20904818819471133,0.21961909383881217,0.3457065615515654,readmission,Explicit Imputation,MNAR,10,62
0.6739215878942714,0.17495533055390114,0.5173932188463232,0.26148881718037165,0.6500313162850306,0.19959144643444732,0.2193094834175417,0.344454728152943,readmission,Explicit Imputation,MNAR,10,72
0.6647342045789525,0.16964156145697287,0.5147512109202994,0.2551844575420214,0.6428593379035312,0.1994768236434309,0.21984242116749028,0.34489655274254655,readmission,Explicit Imputation,MNAR,10,82
0.6638007271298025,0.17136285221391603,0.5248789079700572,0.2583721686355262,0.6456226612776503,0.2047728814577445,0.2196825578964159,0.345362347780112,readmission,Explicit Imputation,MNAR,10,92
0.6721528937800924,0.17353900919608425,0.5151915455746368,0.2596249861311439,0.6452500947670403,0.19998368922585508,0.21929371845649837,0.34468218416906804,readmission,Explicit Imputation,MNAR,10,102
0.6719072418197897,0.17504792803421323,0.5226772346983708,0.26226248342907643,0.6488508526890766,0.20308233342319837,0.2190563799848955,0.3445990825912198,readmission,Explicit Imputation,MNAR,10,112
0.6612950771347156,0.16926598941193305,0.5209158960810216,0.2555075593952484,0.6422751998813241,0.19517530199434163,0.21992134743364794,0.34465031407299823,readmission,Explicit Imputation,MNAR,10,122
0.6667485506534342,0.17065693430656934,0.5147512109202994,0.2563315425940138,0.6457973048733427,0.20611387331570197,0.21876543897724712,0.3437679272225197,readmission,Explicit Imputation,MNAR,10,132
0.672398545740395,0.16954757252367353,0.4966974900924703,0.2528014343343792,0.64273743803738,0.20179338777881642,0.2195573458262318,0.3442895851379219,readmission,Explicit Imputation,MNAR,10,142
0.6771150633782057,0.17520012082766953,0.5107881990312637,0.26090868196131356,0.6429054947545678,0.1985820997460128,0.2191491935561334,0.3441072637631638,readmission,Explicit Imputation,MNAR,10,152
0.6700894173135502,0.17304296645085343,0.5178335535006605,0.25940222785926986,0.6457173248273234,0.20213691099589598,0.21902739424448445,0.34396786171563354,readmission,Explicit Imputation,MNAR,10,162
0.6640463790901051,0.1684332800929287,0.5107881990312637,0.25333042148940815,0.6415940484618445,0.2001447369174965,0.22010588084061725,0.34513511578472356,readmission,Explicit Imputation,MNAR,10,172
0.6684189839834922,0.17179712694224566,0.5160722148833113,0.25778071043659956,0.647064639778225,0.19916019028216553,0.21919140901032802,0.3442756434364638,readmission,Explicit Imputation,MNAR,10,182
0.6690085486882186,0.17200352526439483,0.515631880228974,0.2579579248815949,0.6429043259184561,0.19739604989891013,0.21998818503197717,0.3448416399572276,readmission,Explicit Imputation,MNAR,10,192
0.6698437653532475,0.17059084851177256,0.5072655217965654,0.2553191489361702,0.6463637764247364,0.1994268003675301,0.21952136919530657,0.34488746979369667,readmission,Explicit Imputation,MNAR,10,202
0.6710228947627002,0.17246484085862324,0.5129898723029502,0.25814314203412364,0.6451226185786062,0.20334924928188858,0.2191727142354342,0.34438073756227244,readmission,Explicit Imputation,MNAR,10,212
0.6698928957453081,0.1699317304838231,0.5041831792162044,0.2541902541902542,0.6441971195348968,0.19965265272355867,0.21973046949575784,0.3450745099589376,readmission,Explicit Imputation,MNAR,10,222
0.6723494153483345,0.17335115864527628,0.5138705416116248,0.25924691769410196,0.6457616066704308,0.20220816875173406,0.21890518672182213,0.34395156312472897,readmission,Explicit Imputation,MNAR,10,232
0.6652255084995579,0.16472324723247234,0.4914134742404227,0.24673889011717887,0.6320499780684949,0.19040575178561697,0.22143121002978874,0.3473120021507608,readmission,Explicit Imputation,MNAR,20,42
0.6674855065343421,0.16841173868161038,0.5028621752531924,0.25231992929739283,0.6348904324506112,0.1903225854868677,0.22154888769931952,0.3474983256388925,readmission,Explicit Imputation,MNAR,20,52
0.6629655104647735,0.1664486117168193,0.5041831792162044,0.2502732240437158,0.6343330193790836,0.19250421600656453,0.2219427007055947,0.34780813159432616,readmission,Explicit Imputation,MNAR,20,62
0.6597720349808391,0.1645040369088812,0.5024218405988551,0.24785489301618333,0.6329217228264414,0.19207129315626603,0.2220353899558936,0.34831314947292497,readmission,Explicit Imputation,MNAR,20,72
0.6652255084995579,0.1707493839686911,0.5187142228093351,0.2569247546346783,0.6400287699268598,0.19705927967789316,0.2208263352929455,0.3471205342526964,readmission,Explicit Imputation,MNAR,20,82
0.6602633389014444,0.16628341477436046,0.5094671950682519,0.2507313901831184,0.6353718589995012,0.19001147293669657,0.2213817349232595,0.347031126155171,readmission,Explicit Imputation,MNAR,20,92
0.6613933379188366,0.16529045342604665,0.5024218405988551,0.2487464573795509,0.6308390273306269,0.188006225715389,0.22237041077680583,0.3479880502871555,readmission,Explicit Imputation,MNAR,20,102
0.6712194163309423,0.17256702710709523,0.5129898723029502,0.2582575925515407,0.6444763009103309,0.19886263370774093,0.2211706334000994,0.3478967243240163,readmission,Explicit Imputation,MNAR,20,112
0.6605581212538076,0.1674792084886722,0.5143108762659622,0.25267712276906434,0.6353041517326546,0.19223179270945695,0.22125945991588097,0.34689218651144965,readmission,Explicit Imputation,MNAR,20,122
0.6730372408371819,0.1701775504062594,0.49801849405548215,0.2536727598968263,0.6358311994160301,0.19430963077103483,0.22094406995484317,0.34702168975361813,readmission,Explicit Imputation,MNAR,20,132
0.6599194261570207,0.16943852167732765,0.5248789079700572,0.25617880937029874,0.642737060600719,0.20086402640969556,0.22154036426234996,0.3486261984299171,readmission,Explicit Imputation,MNAR,20,142
0.6645376830107105,0.16829232784975978,0.5090268604139145,0.25295404814004374,0.6357563452033754,0.19079323905493117,0.22112149337154954,0.34669968379641125,readmission,Explicit Imputation,MNAR,20,152
0.6659624643804658,0.1706430026185627,0.5165125495376486,0.25653362493165666,0.6405929646829107,0.1986179848699159,0.2209341296847674,0.34713000299073554,readmission,Explicit Imputation,MNAR,20,162
0.6623759457600472,0.16322646757429365,0.4909731395860854,0.24500109865963524,0.6325763195800528,0.18937016574166537,0.22258051069117765,0.34916566710209374,readmission,Explicit Imputation,MNAR,20,172
0.6623268153679867,0.16681146828844484,0.5072655217965654,0.2510624387054593,0.6350397512638832,0.1961552973103921,0.22099805773619952,0.34684078425712206,readmission,Explicit Imputation,MNAR,20,182
0.6574629065539943,0.16616957818491693,0.5151915455746368,0.25128865979381443,0.6336202850338353,0.1912005493297455,0.2219767044203317,0.3478811256066982,readmission,Explicit Imputation,MNAR,20,192
0.654367691854181,0.1642232872850296,0.5129898723029502,0.24879871863320877,0.6353280154699356,0.19195628669603282,0.22191895367574216,0.347868393589398,readmission,Explicit Imputation,MNAR,20,202
0.6660115947725262,0.16727914155519624,0.5011008366358433,0.2508265373594886,0.6379617928416725,0.19176452507906255,0.22123208873771477,0.34719460520414175,readmission,Explicit Imputation,MNAR,20,212
0.6636042055615604,0.16869388937156096,0.5129898723029502,0.2538956085866841,0.6391847972019427,0.19588980132218958,0.2216148764343439,0.347833887029575,readmission,Explicit Imputation,MNAR,20,222
0.664685074186892,0.16700789704591987,0.5028621752531924,0.2507410253595345,0.6326107393684677,0.19194298492666706,0.2215703064388819,0.34736250874163527,readmission,Explicit Imputation,MNAR,20,232
0.6704333300579739,0.16833607415159216,0.4958168207837957,0.2513392857142857,0.6375335605112421,0.19563735166418333,0.2215908079421408,0.3493600193752637,readmission,Explicit Imputation,MNAR,30,42
0.6584946447872654,0.16243508366993653,0.4958168207837957,0.24470281429968488,0.6298621116733781,0.18473143354171345,0.22295969413965502,0.3496146368603522,readmission,Explicit Imputation,MNAR,30,52
0.6579542104745996,0.16526330812045098,0.5099075297225891,0.2496227635266221,0.6325456376321202,0.19104140531160685,0.22275409186455822,0.3499055743921017,readmission,Explicit Imputation,MNAR,30,62
0.6562837771445416,0.16370106761565836,0.5063848524878908,0.24741824440619622,0.6304605557625775,0.1881534625890354,0.22377687210772834,0.35099281774832153,readmission,Explicit Imputation,MNAR,30,72
0.6748059349513609,0.16676885346413242,0.47908410391897843,0.24741330301307563,0.6211165633257265,0.177218964230208,0.22271516655615842,0.3483707138142365,readmission,Explicit Imputation,MNAR,30,82
0.6653237692836789,0.1661520364652257,0.49757815940114486,0.24911816578483245,0.6294663997726808,0.18751736522134077,0.2233776893898282,0.35080541438832435,readmission,Explicit Imputation,MNAR,30,92
0.6570207330254495,0.16222030981067126,0.49801849405548215,0.24472573839662448,0.6300669623773327,0.18217202892479695,0.22366800137520704,0.3511841829825539,readmission,Explicit Imputation,MNAR,30,102
0.6573155153778127,0.16323024054982818,0.5019815059445178,0.24635332252836303,0.6258929512193797,0.1827050970811812,0.22347085136215408,0.34990778422427693,readmission,Explicit Imputation,MNAR,30,112
0.6578559496904786,0.1608613961555138,0.4900924702774108,0.24221980413492927,0.6263857252188543,0.18722092049934647,0.2231276437125108,0.3497863752564103,readmission,Explicit Imputation,MNAR,30,122
0.6539746487176967,0.16146424517593644,0.5011008366358433,0.24423221375684087,0.6281905542798603,0.1871508516772581,0.22427598205854685,0.35194063255060243,readmission,Explicit Imputation,MNAR,30,132
0.6609020339982313,0.1629058087057796,0.49273447820343463,0.2448577680525164,0.6248224312701842,0.18420169335321224,0.22348008410636433,0.35021776184139497,readmission,Explicit Imputation,MNAR,30,142
0.6676328977105237,0.16994712103407755,0.5094671950682519,0.2548738847890737,0.6365570953429113,0.192208542448675,0.2227821618972499,0.35042324776269723,readmission,Explicit Imputation,MNAR,30,152
0.6598211653728997,0.16491430217485237,0.5041831792162044,0.24853483828955936,0.6310988011564561,0.18995193994403714,0.22298034335755076,0.3504705686329729,readmission,Explicit Imputation,MNAR,30,162
0.6612950771347156,0.16436764919413388,0.49845882870981945,0.2472155492465604,0.6287149599066081,0.18295345708697933,0.22446779803830605,0.352063457234937,readmission,Explicit Imputation,MNAR,30,172
0.6652255084995579,0.164921079805281,0.49229414354909734,0.2470718232044199,0.6310856882763278,0.18148639083684998,0.2232807431135513,0.35032959785643697,readmission,Explicit Imputation,MNAR,30,182
0.6589368183158102,0.16235362151221627,0.4944958168207838,0.24444928167174576,0.6311234928193161,0.18632522573094923,0.22326358071533423,0.35025713263542396,readmission,Explicit Imputation,MNAR,30,192
0.6641937702662867,0.1653958944281525,0.4966974900924703,0.24815751842481576,0.6321082007173098,0.18980726590321062,0.22360631831227984,0.3511721491066918,readmission,Explicit Imputation,MNAR,30,202
0.6663555075169499,0.1626865671641791,0.479964773227653,0.24300523910377883,0.6251715723570552,0.18591347068975617,0.22409117552179852,0.35162915571955966,readmission,Explicit Imputation,MNAR,30,212
0.6611968163505945,0.1616678858814923,0.4865697930427125,0.24269712277619152,0.6250587796722744,0.18767545221753495,0.22365074125830597,0.35118572544820825,readmission,Explicit Imputation,MNAR,30,222
0.6559398644001179,0.1616132723112128,0.49757815940114486,0.2439814315016733,0.6270281102406285,0.18210426758389803,0.22482563089846883,0.35265169871010676,readmission,Explicit Imputation,MNAR,30,232
0.6511742163702466,0.16026452793020965,0.5015411712901805,0.24290893580720835,0.6233990323936354,0.18024283510171826,0.2252586818758756,0.35319813639379455,readmission,Explicit Imputation,MNAR,40,42
0.6607055124299892,0.16437364228819695,0.4997798326728313,0.24738448125544898,0.6311373240466382,0.18997920673278357,0.2244096215346627,0.3531817950618001,readmission,Explicit Imputation,MNAR,40,52
0.6466050899086174,0.15838423098278734,0.5024218405988551,0.240844327176781,0.6210575492774608,0.18134213814777567,0.2263498533542582,0.3549080883581336,readmission,Explicit Imputation,MNAR,40,62
0.6571681242016312,0.15556856432021074,0.468075737560546,0.23352372583479789,0.6077372129146748,0.17017806723621148,0.22557224644617868,0.35269097613101746,readmission,Explicit Imputation,MNAR,40,72
0.6572663849857522,0.1610718916582625,0.49229414354909734,0.24272687798523665,0.6234909443082953,0.18654804548688853,0.22433269220188903,0.3525030354730264,readmission,Explicit Imputation,MNAR,40,82
0.6466050899086174,0.1572423398328691,0.49713782474680757,0.2389165167707121,0.61473620355164,0.17804174208038032,0.2257286855136083,0.35337129509073,readmission,Explicit Imputation,MNAR,40,92
0.6539746487176967,0.15933752141633353,0.4914134742404227,0.24064690026954177,0.6220495989272813,0.17574698290046653,0.22588902931231758,0.35436416036887997,readmission,Explicit Imputation,MNAR,40,102
0.65520290851921,0.16117059243397572,0.49713782474680757,0.24342388960758948,0.6153379715185321,0.17764192938287676,0.2258068467786612,0.35354653014668297,readmission,Explicit Imputation,MNAR,40,112
0.650830303625823,0.1563388288800455,0.484368119771026,0.23638121843773505,0.6169289400972223,0.1714857202237123,0.22605452369848164,0.35374358232957887,readmission,Explicit Imputation,MNAR,40,122
0.6427729193278963,0.1608790016277808,0.5222369000440334,0.2459815410142072,0.6207881690798384,0.17822379974502095,0.2257111029220501,0.35380419223865195,readmission,Explicit Imputation,MNAR,40,132
0.6443450918738332,0.15916575192096596,0.5107881990312637,0.242703211633016,0.6181856215479613,0.171891577767507,0.22658239528678076,0.3548820591058117,readmission,Explicit Imputation,MNAR,40,142
0.6411516163898988,0.15513224612854598,0.49845882870981945,0.23662207357859533,0.6160291919740992,0.17977884011529344,0.22587424158884548,0.35380119942966914,readmission,Explicit Imputation,MNAR,40,152
0.640611182077233,0.15414152495885902,0.4949361514751211,0.23507267593851303,0.6158781564327881,0.17422853224182222,0.2260277855708601,0.3534244781535185,readmission,Explicit Imputation,MNAR,40,162
0.6451311781468017,0.15322128851540617,0.4817261118450022,0.23249389012857294,0.610008468461137,0.17445986855242399,0.2263766997125162,0.35408609729105367,readmission,Explicit Imputation,MNAR,40,172
0.6411516163898988,0.15541558263727234,0.4997798326728313,0.237100480467934,0.6142645051283049,0.17203210785396647,0.22608423172149403,0.35336716407652846,readmission,Explicit Imputation,MNAR,40,182
0.6479316104942517,0.154746790802652,0.48304711580801407,0.2344017094017094,0.6129481399836114,0.1739140676799898,0.22579497914218732,0.35280390688028473,readmission,Explicit Imputation,MNAR,40,192
0.6507320428417018,0.15746247521948456,0.4896521356230735,0.23829422479374263,0.6119034683580115,0.18135078014260714,0.22621369941849406,0.3537966118442985,readmission,Explicit Imputation,MNAR,40,202
0.6489633487275228,0.15925615212527963,0.5015411712901805,0.24174891223601824,0.621108052737788,0.18025634776258087,0.22608877654617,0.35450179976622276,readmission,Explicit Imputation,MNAR,40,212
0.6502407389210966,0.16097902097902098,0.5068251871422281,0.24434773378622227,0.6183539826495532,0.17587873985500124,0.22625260549936257,0.35467980777680247,readmission,Explicit Imputation,MNAR,40,222
0.648324653630736,0.16067212887099014,0.5094671950682519,0.24429898648648649,0.6215104245692468,0.17923238672313724,0.2259368043196974,0.35402705687932523,readmission,Explicit Imputation,MNAR,40,232
0.6248894566178638,0.1462674756001055,0.48833113166006165,0.22510910382624583,0.5985080220996714,0.16308274727823593,0.22871324508068291,0.3567841413861069,readmission,Explicit Imputation,MNAR,50,42
0.6434116144246831,0.1531506468215329,0.4848084544253633,0.23276955602536997,0.6060074693984705,0.17835195270799425,0.22722999736038632,0.3562726025510141,readmission,Explicit Imputation,MNAR,50,52
0.6375650977694802,0.15161026200873362,0.48921180096873623,0.23148244608813417,0.6075790669536841,0.1672949830176975,0.22821396453004128,0.3569816370410747,readmission,Explicit Imputation,MNAR,50,62
0.6468507418689201,0.15839933305543977,0.5019815059445178,0.24081115335868186,0.6088069779905482,0.166306752799275,0.2287024838590622,0.35724531682540367,readmission,Explicit Imputation,MNAR,50,72
0.6356981428711801,0.14997278170930867,0.4852487890797006,0.22912984717746127,0.5970275328842908,0.1634278313918966,0.22856607311156935,0.3567367316407347,readmission,Explicit Imputation,MNAR,50,82
0.636336837967967,0.15270069040205766,0.4966974900924703,0.2335887347276869,0.6103095533382896,0.17082093444774082,0.22865888888620525,0.35817820058107497,readmission,Explicit Imputation,MNAR,50,92
0.6232190232878059,0.14993514915693903,0.5090268604139145,0.23164011622081956,0.6037400125693713,0.16602360395798932,0.22928290013622818,0.3578914021341965,readmission,Explicit Imputation,MNAR,50,102
0.6413481379581409,0.1511998890276044,0.479964773227653,0.229957805907173,0.6047188275853018,0.17124849641674084,0.22719599583079364,0.355679658714049,readmission,Explicit Imputation,MNAR,50,112
0.6413481379581409,0.15634823014896815,0.503742844561867,0.23863162286191072,0.6091287975333078,0.17115144231998994,0.22885369787090143,0.3582720438144179,readmission,Explicit Imputation,MNAR,50,122
0.6438046575611673,0.15380336531775832,0.48701012769704977,0.23377721411963645,0.6020521158210417,0.1656080701044546,0.2290615776369743,0.3574746434079988,readmission,Explicit Imputation,MNAR,50,132
0.6276407585732534,0.1516145970070885,0.5085865257595773,0.2335928809788654,0.6077616610700115,0.1732714880766938,0.228175486480797,0.35725956717139085,readmission,Explicit Imputation,MNAR,50,142
0.6516163898987913,0.15333716915995396,0.4693967415235579,0.23116122736636668,0.60359415156293,0.16814344947299342,0.22867267781684442,0.3572439908072787,readmission,Explicit Imputation,MNAR,50,152
0.6497003046084308,0.15357193782974476,0.47424042272126815,0.23201206376561828,0.6043868537788215,0.16886672796106839,0.22735748061988628,0.3558786526670844,readmission,Explicit Imputation,MNAR,50,162
0.6268055419082245,0.1490707789640174,0.49801849405548215,0.22945830797321973,0.6014187040515001,0.1647967975635285,0.22837750239748764,0.3567256090037508,readmission,Explicit Imputation,MNAR,50,172
0.6528937800923651,0.15381282495667245,0.46895640686922063,0.23164763458401305,0.6034668823558904,0.17071460459484217,0.22773530354453606,0.3562609745754911,readmission,Explicit Imputation,MNAR,50,182
0.6488650879434018,0.1507163323782235,0.46323205636283576,0.2274348719057399,0.5971730651555759,0.16468279385690393,0.2281807643081556,0.356495469050123,readmission,Explicit Imputation,MNAR,50,192
0.6389898791392356,0.15116119279923046,0.484368119771026,0.2304147465437788,0.6055496996054666,0.16632659706161426,0.2280798762145623,0.35649883768038887,readmission,Explicit Imputation,MNAR,50,202
0.6426255281517147,0.15434572336603564,0.49185380889476,0.23496003365586873,0.6065751097859756,0.16829655954859396,0.22755898452838483,0.35574677188659193,readmission,Explicit Imputation,MNAR,50,212
0.6264616291638008,0.15095574757789998,0.5077058564509027,0.23271773135533352,0.6067990636551311,0.16724895827476222,0.2292603951098083,0.3585423007556213,readmission,Explicit Imputation,MNAR,50,222
0.6444433526579542,0.1545631608235949,0.48921180096873623,0.2349085527011312,0.6083638308243171,0.17056050770287642,0.22810449278967146,0.3571382980170331,readmission,Explicit Imputation,MNAR,50,232
